Straße;Hausnummernbereich;PLZ;Stadtteil
"Ackerstraße";"1 - 57";"51427";"Refrath"
"Ackerstraße";"2 - 4";"51427";"Refrath"
"Ackerstraße";"6 - 14";"51427";"Refrath"
"Ackerstraße";"16 - 32";"51427";"Refrath"
"Ackerstraße";"38 - 40";"51427";"Refrath"
"Adalbert-Stifter-Straße";"1 - 41";"51427";"Refrath"
"Adalbert-Stifter-Straße";"2 - 12";"51427";"Refrath"
"Agnes-Miegel-Straße";"1 - 7";"51427";"Refrath"
"Agnes-Miegel-Straße";"2 - 18";"51427";"Refrath"
"Ahornweg";"2 - 28";"51469";"Heidkamp"
"Ahornweg";"3 - 65";"51469";"Heidkamp"
"Ahornweg";"30 - 80";"51469";"Heidkamp"
"Akazienweg";"1 - 7";"51467";"Schildgen"
"Akazienweg";"2 - 18";"51467";"Schildgen"
"Albert-Dimmers-Straße";"1 - 37";"51469";"Paffrath"
"Albert-Dimmers-Straße";"2 - 16";"51469";"Paffrath"
"Albert-Dimmers-Straße";"18 - 32";"51469";"Paffrath"
"Albert-Dimmers-Straße";"39 - 49";"51469";"Paffrath"
"Albert-Einstein-Straße";"1 - 13";"51429";"Moitzfeld"
"Albert-Einstein-Straße";"2 - 6";"51429";"Moitzfeld"
"Albert-Schweitzer-Straße";"1 - 27";"51429";"Kaule"
"Albert-Schweitzer-Straße";"2 - 16";"51429";"Kaule"
"Alt Lückerath";"1 - 7";"51429";"Lückerath"
"Alt Lückerath";"2 - 8";"51429";"Lückerath"
"Alt Refrath";"2 - 10";"51427";"Alt-Refrath"
"Alt Refrath";"3 - 19";"51427";"Alt-Refrath"
"Alte Dombach";"1 - 10";"51465";"Sand"
"Alte Kölnische Straße";"4 - 12";"51469";"Heidkamp"
"Alte Kölnische Straße";"5 - 27";"51469";"Heidkamp"
"Alte Marktstraße";"1 - 17";"51427";"Refrath"
"Alte Marktstraße";"4 - 28";"51427";"Refrath"
"Alte Wipperfürther Straße";"1 - 1";"51469";"Paffrath"
"Alte Wipperfürther Straße";"4 - 26";"51469";"Paffrath"
"Alte Wipperfürther Straße";"32 - 40";"51469";"Paffrath"
"Alte Wipperfürther Straße";"37 - 45";"51469";"Paffrath"
"Alte Wipperfürther Straße";"42 - 68";"51469";"Paffrath"
"Alte Wipperfürther Straße";"53 - 85";"51469";"Paffrath"
"Alte Wipperfürther Straße";"103 - 135";"51467";"Hebborn"
"Alte Wipperfürther Straße";"137 - 155";"51467";"Hebborn"
"Alte Wipperfürther Straße";"142 - 154";"51467";"Hebborn"
"Alte Wipperfürther Straße";"250 - 264";"51467";"Hebborn"
"Altenberger-Dom-Straße";"152 - 160";"51467";"Schildgen"
"Altenberger-Dom-Straße";"155 - 191";"51467";"Schildgen"
"Altenberger-Dom-Straße";"164 - 180";"51467";"Schildgen"
"Altenberger-Dom-Straße";"184 - 254";"51467";"Schildgen"
"Altenberger-Dom-Straße";"193 - 217";"51467";"Schildgen"
"Altenberger-Dom-Straße";"221 - 221";"51467";"Schildgen"
"Altenberger-Dom-Straße";"233 - 241";"51467";"Schildgen"
"Altenberger-Dom-Straße";"272 - 274";"51467";"Schildgen"
"Altenberger-Dom-Straße";"275 - 275";"51467";"Schildgen"
"Altenberger-Dom-Straße";"278 - 300";"51467";"Schildgen"
"Alter Schulweg";"1 - 21";"51429";"Herkenrath"
"Alter Schulweg";"2 - 8";"51429";"Herkenrath"
"Alter Traßweg";"2 - 28";"51427";"Alt-Refrath"
"Alter Traßweg";"3 - 31";"51427";"Alt-Refrath"
"Alter Traßweg";"30 - 32";"51427";"Alt-Refrath"
"Alter Traßweg";"34 - 44";"51427";"Kippekausen"
"Alter Traßweg";"46 - 46";"51427";"Kippekausen"
"Alter Traßweg";"82 - 100";"51427";"Kippekausen"
"Am Alten Forsthaus";"1 - 13";"51429";"Kaule"
"Am Alten Forsthaus";"2 - 6";"51429";"Kaule"
"Am Alten Pastorat";"1 - 31";"51465";"Stadtmitte"
"Am Alten Pastorat";"2 - 6";"51465";"Stadtmitte"
"Am Alten Pastorat";"26 - 52";"51465";"Stadtmitte"
"Am Anger";"1 - 7";"51427";"Lustheide"
"Am Anger";"2 - 16";"51427";"Lustheide"
"Am Bach";"2 - 14";"51427";"Refrath"
"Am Bach";"3 - 5";"51427";"Refrath"
"Am Birkenbusch";"1 - 25";"51469";"Heidkamp"
"Am Birkenbusch";"2 - 56";"51469";"Heidkamp"
"Am Birkenbusch";"27 - 31";"51469";"Heidkamp"
"Am Birkenbusch";"58 - 64";"51469";"Heidkamp"
"Am Birkenbusch";"59 - 67";"51469";"Heidkamp"
"Am Böckenbusch";"1 - 29";"51429";"Moitzfeld"
"Am Böckenbusch";"8 - 30";"51429";"Moitzfeld"
"Am Böttcherberg";"1 - 11";"51427";"Frankenforst"
"Am Böttcherberg";"2 - 10";"51427";"Frankenforst"
"Am Böttcherberg";"13 - 39";"51427";"Frankenforst"
"Am Böttcherberg";"20 - 36";"51427";"Frankenforst"
"Am Branderhof";"1 - 51";"51429";"Bärbroich"
"Am Branderhof";"2 - 6";"51429";"Bärbroich"
"Am Branderhof";"30 - 30";"51429";"Bärbroich"
"Am Broich";"1 - 21";"51465";"Stadtmitte"
"Am Broich";"2 - 8";"51465";"Stadtmitte"
"Am Brücker Bach";"1 - 13";"51427";"Refrath"
"Am Brücker Bach";"2 - 42";"51427";"Refrath"
"Am Brücker Bach";"15 - 39";"51427";"Refrath"
"Am Büchelterhof";"1 - 7";"51429";"Asselborn"
"Am Burgtor";"1 - 23";"51427";"Kippekausen"
"Am Burgtor";"2 - 12";"51427";"Kippekausen"
"Am Dännekamp";"15 - 15";"51469";"Gronau"
"Am Dännekamp";"38 - 38";"51469";"Gronau"
"Am Ecksberg";"2 - 8";"51467";"Katterbach"
"Am Ecksberg";"3 - 11";"51467";"Katterbach"
"Am Eichenberg";"7 - 39";"51465";"Stadtmitte"
"Am Eichenberg";"8 - 14";"51465";"Stadtmitte"
"Am Eichenkamp";"1 - 19";"51427";"Refrath"
"Am Eichenkamp";"4 - 26";"51427";"Refrath"
"Am Eichenkamp";"21 - 41";"51427";"Refrath"
"Am Eichenkamp";"32 - 34";"51427";"Refrath"
"Am Eichenkamp";"36 - 40";"51427";"Refrath"
"Am Eichenkamp";"43 - 47";"51427";"Refrath"
"Am Eichenkamp";"100 - 100";"51427";"Refrath"
"Am Fischweiher";"1 - 13";"51427";"Refrath"
"Am Fürstenbrünnchen";"1 - 5";"51429";"Lückerath"
"Am Fürstenbrünnchen";"6 - 12";"51429";"Lückerath"
"Am Fürstenbrünnchen";"9 - 21";"51429";"Lückerath"
"Am Fürstenbrünnchen";"16 - 18";"51429";"Lückerath"
"Am Fürstenbrünnchen";"22 - 44";"51429";"Lückerath"
"Am Fürstenbrünnchen";"25 - 39";"51429";"Lückerath"
"Am Fürstenbrünnchen";"62 - 66";"51429";"Lückerath"
"Am Fürstenbrünnchen";"78 - 78";"51429";"Lückerath"
"Am Gänschenwald";"1 - 19";"51467";"Katterbach"
"Am Gänschenwald";"2 - 18";"51467";"Katterbach"
"Am Gräfenweiher";"1 - 9";"51429";"Bensberg"
"Am Gräfenweiher";"2 - 10";"51429";"Bensberg"
"Am Grenzstein";"1 - 11";"51467";"Katterbach"
"Am Grenzstein";"2 - 12";"51467";"Katterbach"
"Am Grünen Wäldchen";"1 - 9";"51427";"Alt-Refrath"
"Am Grünen Wäldchen";"2 - 16";"51427";"Alt-Refrath"
"Am Grünen Weiher";"1 - 31";"51467";"Nußbaum"
"Am Grünen Weiher";"2 - 28";"51467";"Nußbaum"
"Am Hang";"2 - 14";"51429";"Bensberg"
"Am Heidetor";"3 - 23";"51467";"Hebborn"
"Am Heidetor";"6 - 28";"51467";"Hebborn"
"Am Hermannshof";"1 - 29";"51467";"Schildgen"
"Am Hermannshof";"2 - 20";"51467";"Schildgen"
"Am Hohnshäuschen";"1 - 5";"51469";"Heidkamp"
"Am Hohnshäuschen";"2 - 6";"51469";"Heidkamp"
"Am Hügel";"3 - 4";"51429";"Moitzfeld"
"Am Kamelsbuckel";"1 - 13";"51469";"Paffrath"
"Am Kamelsbuckel";"2 - 14";"51469";"Paffrath"
"Am Katterbach";"1 - 61";"51467";"Katterbach"
"Am Katterbach";"4 - 76";"51467";"Katterbach"
"Am Kierdorfer Wald";"1 - 35";"51429";"Herkenrath"
"Am Kierdorfer Wald";"2 - 20";"51429";"Herkenrath"
"Am Kleyberg";"1 - 7";"51465";"Sand"
"Am Kleyberg";"2 - 8";"51465";"Sand"
"Am Klutstein";"1 - 35";"51467";"Katterbach"
"Am Klutstein";"4 - 66";"51467";"Katterbach"
"Am Klutstein";"55 - 55";"51467";"Katterbach"
"Am Köhler";"1 - 15";"51427";"Refrath"
"Am Köhler";"2 - 14";"51427";"Refrath"
"Am Kuhlerbusch";"2 - 16";"51469";"Gronau"
"Am Kuhlerbusch";"5 - 19";"51469";"Gronau"
"Am Lehmbruch";"1 - 11";"51427";"Refrath"
"Am Lehmbruch";"2 - 8";"51427";"Refrath"
"Am Lichtor";"1 - 21";"51427";"Alt-Refrath"
"Am Lichtor";"2 - 16";"51427";"Alt-Refrath"
"Am Lindenhof";"1 - 7";"51465";"Stadtmitte"
"Am Meiler";"1 - 7";"51427";"Refrath"
"Am Meiler";"2 - 4";"51427";"Refrath"
"Am Meiler";"6 - 10";"51427";"Refrath"
"Am Meiler";"11 - 15";"51427";"Refrath"
"Am Meiler";"12 - 12";"51427";"Refrath"
"Am Milchbornbach";"1 - 17";"51429";"Bensberg"
"Am Milchbornbach";"8 - 20";"51429";"Bensberg"
"Am Milchbornbach";"21 - 31";"51429";"Bensberg"
"Am Milchbornbach";"39 - 43";"51429";"Bensberg"
"Am Milchbornbach";"40 - 42";"51429";"Bensberg"
"Am Milchbornsberg";"1 - 17";"51429";"Bensberg"
"Am Milchbornsberg";"2 - 28";"51429";"Bensberg"
"Am Milchbornsberg";"30 - 32";"51429";"Bensberg"
"Am Mühlenberg";"2 - 26";"51465";"Stadtmitte"
"Am Mühlenberg";"3 - 57";"51465";"Stadtmitte"
"Am Mühlenberg";"30 - 50";"51465";"Stadtmitte"
"Am Neuborner Weiher";"1 - 13";"51429";"Lückerath"
"Am Neuborner Weiher";"2 - 14";"51429";"Lückerath"
"Am Pangenfeld";"1 - 5";"51429";"Kaule"
"Am Pangenfeld";"2 - 4";"51429";"Kaule"
"Am Pützchen";"3 - 31";"51429";"Lückerath"
"Am Pützchen";"6 - 34";"51429";"Lückerath"
"Am Rabenhorst";"1 - 15";"51429";"Moitzfeld"
"Am Rabenhorst";"2 - 16";"51429";"Moitzfeld"
"Am Reiferbusch";"1 - 9";"51465";"Stadtmitte"
"Am Reiferbusch";"2 - 18";"51465";"Stadtmitte"
"Am Reiferbusch";"11 - 11";"51465";"Stadtmitte"
"Am Reiferbusch";"13 - 13";"51465";"Stadtmitte"
"Am Reiferbusch";"15 - 17";"51465";"Stadtmitte"
"Am Rittersteg";"1 - 1";"51427";"Kippekausen"
"Am Rittersteg";"2 - 72";"51427";"Kippekausen"
"Am Rodenbach";"2 - 60";"51469";"Gronau"
"Am Rodenbach";"3 - 63";"51469";"Gronau"
"Am Rothfeld";"1 - 5";"51429";"Bärbroich"
"Am Rothfeld";"2 - 12";"51429";"Bärbroich"
"Am Rothfeld";"7 - 17";"51429";"Bärbroich"
"Am Rothfeld";"14 - 16";"51429";"Bärbroich"
"Am Rübezahlwald";"1 - 1";"51469";"Heidkamp"
"Am Rübezahlwald";"4 - 4";"51469";"Heidkamp"
"Am Rübezahlwald";"5 - 15";"51469";"Heidkamp"
"Am Rübezahlwald";"6 - 6";"51469";"Heidkamp"
"Am Rübezahlwald";"8 - 12";"51469";"Heidkamp"
"Am Rübezahlwald";"14 - 16";"51469";"Heidkamp"
"Am Rübezahlwald";"18 - 22";"51469";"Heidkamp"
"Am Rübezahlwald";"25 - 25";"51469";"Heidkamp"
"Am Schild";"4 - 22";"51467";"Schildgen"
"Am Schild";"5 - 23";"51467";"Schildgen"
"Am Schild";"26 - 50";"51467";"Schildgen"
"Am Schild";"31 - 39";"51467";"Schildgen"
"Am Schloß";"1 - 7";"51429";"Bensberg"
"Am Stadion";"4 - 29";"51465";"Stadtmitte"
"Am Stadion";"32 - 32";"51465";"Stadtmitte"
"Am Steinberg";"1 - 11";"51465";"Stadtmitte"
"Am Steinberg";"2 - 10";"51465";"Stadtmitte"
"Am Steinboden";"3 - 13";"51427";"Refrath"
"Am Steinboden";"4 - 14";"51427";"Refrath"
"Am Steinernen Kreuz";"4 - 6";"51467";"Hebborn"
"Am Steinernen Kreuz";"11 - 11";"51467";"Hebborn"
"Am Stockbrunnen";"1 - 5";"51429";"Bensberg"
"Am Stockbrunnen";"2 - 6";"51429";"Bensberg"
"Am Stockbrunnen";"8 - 12";"51429";"Bensberg"
"Am Ufer";"1 - 11";"51427";"Refrath"
"Am Ufer";"2 - 26";"51427";"Refrath"
"Am Ufer";"17 - 31";"51427";"Refrath"
"Am Ufer";"30 - 32";"51427";"Refrath"
"Am Ufer";"33 - 37";"51427";"Refrath"
"Am Uhlenbruch";"1 - 11";"51429";"Kaule"
"Am Uhlenbruch";"4 - 14";"51429";"Kaule"
"Am Urnenfeld";"1 - 11";"51467";"Hebborn"
"Am Urnenfeld";"2 - 48";"51467";"Hebborn"
"Am Vogelherd";"1 - 35";"51467";"Hebborn"
"Am Vogelherd";"2 - 2";"51467";"Hebborn"
"Am Vogelherd";"6 - 20";"51467";"Hebborn"
"Am Vogelherd";"24 - 30";"51467";"Hebborn"
"Am Vogelherd";"30 - 44";"51467";"Hebborn"
"Am Vorend";"1 - 41";"51467";"Katterbach"
"Am Vorend";"2 - 36";"51467";"Katterbach"
"Am Vorend";"43 - 47";"51467";"Katterbach"
"Am Vorend";"48 - 54";"51467";"Katterbach"
"Am Wäldchen";"1 - 4";"51469";"Heidkamp"
"Am Wäldchen";"5 - 5";"51469";"Heidkamp"
"Am Wäldchen";"6 - 15";"51469";"Heidkamp"
"Am Wäldchen";"16 - 19";"51469";"Heidkamp"
"Am Wapelsberg";"1 - 49";"51469";"Paffrath"
"Am Wapelsberg";"2 - 60";"51469";"Paffrath"
"Am Weinberg";"1 - 5";"51429";"Moitzfeld"
"Am Wiesenhäuschen";"1 - 5";"51427";"Alt-Refrath"
"Am Wiesenhäuschen";"2 - 6";"51427";"Alt-Refrath"
"Am Wildberg";"1 - 3";"51465";"Stadtmitte"
"Am Wildberg";"2 - 2";"51465";"Stadtmitte"
"Am Winkel";"1 - 13";"51429";"Moitzfeld"
"Am Winkel";"2 - 2";"51429";"Moitzfeld"
"Am Winkel";"4 - 24";"51429";"Moitzfeld"
"Am Winkel";"13 - 17";"51429";"Moitzfeld"
"Am Zaarshäuschen";"1 - 35";"51427";"Refrath"
"Am Zaarshäuschen";"2 - 10";"51427";"Refrath"
"Am Zaarshäuschen";"12 - 16";"51427";"Refrath"
"Am Zaarshäuschen";"20 - 28";"51427";"Refrath"
"Am Zaarshäuschen";"32 - 32";"51427";"Refrath"
"Am Ziegelfeld";"2 - 20";"51429";"Moitzfeld"
"Am Ziegelfeld";"7 - 25";"51429";"Moitzfeld"
"Am Ziehenberg";"1 - 9";"51429";"Kaule"
"Am Ziehenberg";"2 - 8";"51429";"Kaule"
"Am Zubusch";"2 - 12";"51429";"Lückerath"
"Am Zubusch";"3 - 9";"51429";"Lückerath"
"Am Zuckerberg";"1 - 27";"51469";"Hand"
"Am Zuckerberg";"2 - 18";"51469";"Hand"
"Amselweg";"2 - 26";"51467";"Hebborn"
"Amselweg";"3 - 19";"51467";"Hebborn"
"Amselweg";"28 - 52";"51467";"Hebborn"
"An den Braken";"2 - 10";"51429";"Lückerath"
"An den Braken";"9 - 21";"51429";"Lückerath"
"An den Braken";"12 - 24";"51429";"Lückerath"
"An den Weihern";"1 - 49";"51467";"Schildgen"
"An den Weihern";"2 - 50";"51467";"Schildgen"
"An den Weihern";"54 - 76";"51467";"Schildgen"
"An den Weihern";"57 - 75";"51467";"Schildgen"
"An der Bahn";"1 - 5";"51427";"Frankenforst"
"An der Bahn";"7 - 7";"51427";"Frankenforst"
"An der Bahn";"8 - 18";"51427";"Frankenforst"
"An der Eiche";"1 - 7";"51469";"Heidkamp"
"An der Eiche";"8 - 11";"51469";"Heidkamp"
"An der Engelsfuhr";"3 - 103";"51467";"Hebborn"
"An der Engelsfuhr";"4 - 18";"51467";"Hebborn"
"An der Engelsfuhr";"22 - 116";"51467";"Hebborn"
"An der Engelsfuhr";"105 - 111";"51467";"Hebborn"
"An der Flora";"1 - 7";"51469";"Paffrath"
"An der Flora";"2 - 14";"51469";"Paffrath"
"An der Flora";"7 - 11";"51469";"Paffrath"
"An der Gohrsmühle";"6 - 10";"51465";"Stadtmitte"
"An der Gohrsmühle";"16 - 18";"51465";"Stadtmitte"
"An der Gohrsmühle";"25 - 25";"51465";"Stadtmitte"
"An der Jüch";"11 - 49";"51465";"Stadtmitte"
"An der Jüch";"14 - 32";"51465";"Stadtmitte"
"An der Jüch";"38 - 78";"51465";"Stadtmitte"
"An der Jüch";"51 - 73";"51465";"Stadtmitte"
"An der Kirche";"9 - 12";"51429";"Bensberg"
"An der Kittelburg";"2 - 18";"51469";"Hand"
"An der Kittelburg";"11 - 21";"51469";"Hand"
"An der Kittelburg";"22 - 54";"51469";"Hand"
"An der Kittelburg";"23 - 41";"51469";"Hand"
"An der Kittelburg";"45 - 55";"51469";"Hand"
"An der Lohe";"1 - 17";"51465";"Sand"
"An der Lohe";"2 - 14";"51465";"Sand"
"An der Lohe";"16 - 30";"51465";"Sand"
"An der Refrather Heide";"1 - 21";"51427";"Alt-Refrath"
"An der Refrather Heide";"2 - 10";"51427";"Alt-Refrath"
"An der Refrather Heide";"12 - 22";"51427";"Alt-Refrath"
"An der Schmitten";"1 - 17";"51429";"Kaule"
"An der Schmitten";"2 - 8";"51429";"Kaule"
"An der Schmitten";"16 - 40";"51429";"Kaule"
"An der Schmitten";"19 - 21";"51429";"Kaule"
"An der Schmitten";"23 - 23";"51429";"Kaule"
"An der Schmitten";"44 - 56";"51429";"Kaule"
"An der Strunde";"2 - 24";"51465";"Stadtmitte"
"An der Strunde";"9 - 25";"51465";"Stadtmitte"
"An der Tent";"1 - 9";"51469";"Heidkamp"
"An der Tent";"2 - 4";"51469";"Heidkamp"
"An der Tent";"11 - 11";"51469";"Heidkamp"
"An der Wallburg";"1 - 39";"51427";"Kippekausen"
"An der Wallburg";"2 - 22";"51427";"Kippekausen"
"An der Wallburg";"22 - 94";"51427";"Kippekausen"
"An der Wallburg";"43 - 95";"51427";"Kippekausen"
"An der Wallburg";"97 - 97";"51427";"Kippekausen"
"An der Wasserdelle";"1 - 23";"51427";"Lustheide"
"An der Wasserdelle";"2 - 6";"51427";"Lustheide"
"An der Wasserdelle";"177 - 227";"51427";"Lustheide"
"An der Wasserdelle";"180 - 196";"51427";"Lustheide"
"An der Wasserdelle";"200 - 220";"51427";"Lustheide"
"An der Wolfsmaar";"1 - 11";"51427";"Alt-Refrath"
"An der Wolfsmaar";"4 - 16";"51427";"Alt-Refrath"
"An der Zinkhütte";"2 - 4";"51469";"Heidkamp"
"An der Zinkhütte";"5 - 17";"51469";"Heidkamp"
"An der Zinkhütte";"8 - 12";"51469";"Heidkamp"
"An Vierhäuschen";"1 - 9";"51469";"Gronau"
"An Vierhäuschen";"4 - 10";"51469";"Gronau"
"Anemonenweg";"1 - 23";"51427";"Lustheide"
"Anemonenweg";"2 - 28";"51427";"Lustheide"
"Anna-Maria-Medici-Platz";"998 - 998";"51429";"Bensberg"
"Anna-Zanders-Straße";"7 - 7";"51469";"Heidkamp"
"Anna-Zanders-Straße";"12 - 12";"51469";"Heidkamp"
"Anne-Frank-Straße";"14 - 32";"51429";"Kaule"
"Anne-Frank-Straße";"21 - 25";"51429";"Kaule"
"Arnold-von-Lülsdorf-Str.";"1 - 11";"51429";"Herkenrath"
"Arnold-von-Lülsdorf-Str.";"2 - 14";"51429";"Herkenrath"
"Asselborner Hof";"1 - 15";"51429";"Herrenstrunden"
"Asselborner Hof";"2 - 24";"51429";"Herrenstrunden"
"Asselborner Mühle";"11 - 12";"51429";"Asselborn"
"Asselborner Weg";"8 - 28";"51429";"Herkenrath"
"Asselborner Weg";"23 - 35";"51429";"Herkenrath"
"Asselborner Weg";"37 - 41";"51429";"Herkenrath"
"Asselborner Weg";"61 - 61";"51429";"Asselborn"
"Asselborner Weg";"66 - 66";"51429";"Asselborn"
"Asselborner Weg";"68 - 78";"51429";"Asselborn"
"Asselborner Weg";"75 - 79";"51429";"Asselborn"
"Asselborner Weg";"99 - 123";"51429";"Herrenstrunden"
"Asselborner Weg";"100 - 100";"51429";"Herrenstrunden"
"Asselborner Weg";"104 - 112";"51429";"Herrenstrunden"
"Asternstraße";"1 - 3";"51427";"Refrath"
"Asternstraße";"2 - 4";"51427";"Refrath"
"Auelerberg";"1 - 11";"51429";"Moitzfeld"
"Auf dem Horn";"2 - 22";"51465";"Stadtmitte"
"Auf dem Horn";"3 - 21";"51465";"Stadtmitte"
"Auf dem Kamm";"1 - 41";"51427";"Refrath"
"Auf dem Kamm";"2 - 10";"51427";"Refrath"
"Auf dem Kamm";"12 - 30";"51427";"Refrath"
"Auf dem Kirchenfeld";"1 - 9";"51467";"Schildgen"
"Auf dem Kirchenfeld";"2 - 16";"51467";"Schildgen"
"Auf dem Krämersfeld";"1 - 23";"51467";"Schildgen"
"Auf dem Krämersfeld";"2 - 40";"51467";"Schildgen"
"Auf dem Lichmich";"1 - 3";"51467";"Schildgen"
"Auf dem Lichmich";"4 - 4";"51467";"Schildgen"
"Auf dem Schmillenberg";"1 - 5";"51427";"Kippekausen"
"Auf dem Schmillenberg";"2 - 18";"51427";"Kippekausen"
"Auf dem Schmillenberg";"7 - 25";"51427";"Kippekausen"
"Auf dem Schmillenberg";"20 - 26";"51427";"Kippekausen"
"Auf dem Sommerfeld";"7 - 29";"51429";"Herkenrath"
"Auf dem Sommerfeld";"12 - 24";"51429";"Herkenrath"
"Auf der Halde";"1 - 21";"51429";"Kaule"
"Auf der Halde";"4 - 24";"51429";"Kaule"
"Auf der Höhe";"1 - 15";"51429";"Moitzfeld"
"Auf der Höhe";"12 - 98";"51429";"Moitzfeld"
"Auf der Höhe";"17 - 25";"51429";"Moitzfeld"
"Auf der Höhe";"27 - 51";"51429";"Moitzfeld"
"Auf der Höhe";"53 - 81";"51429";"Moitzfeld"
"Auf der Kaule";"1 - 3";"51427";"Alt-Refrath"
"Auf der Kaule";"2 - 36";"51427";"Alt-Refrath"
"Auf der Kaule";"5 - 27";"51427";"Alt-Refrath"
"Auf der Kaule";"40 - 48";"51427";"Alt-Refrath"
"Auf der Kaule";"52 - 52";"51427";"Alt-Refrath"
"Auf der Kaule";"60 - 62";"51427";"Alt-Refrath"
"Auf der Kaule";"74 - 76";"51427";"Alt-Refrath"
"Auf der Kaule";"88 - 88";"51427";"Alt-Refrath"
"Auf der Wildbahn";"1 - 5";"51429";"Kaule"
"Auf der Wildbahn";"2 - 4";"51429";"Kaule"
"Auf'm Büchel";"1 - 43";"51469";"Paffrath"
"Auf'm Büchel";"8 - 30";"51469";"Paffrath"
"August-Clostermann-Straße";"2 - 52";"51469";"Hand"
"August-Kierspel-Straße";"1 - 171";"51469";"Hand"
"August-Kierspel-Straße";"2 - 96";"51469";"Hand"
"Bachstraße";"1 - 21";"51467";"Schildgen"
"Bachstraße";"2 - 22";"51467";"Schildgen"
"Badstraße";"8 - 14";"51469";"Paffrath"
"Badstraße";"11 - 15";"51469";"Paffrath"
"Ball";"1 - 19";"51429";"Herkenrath"
"Ball";"2 - 12";"51429";"Herkenrath"
"Ball";"14 - 28";"51429";"Herkenrath"
"Ball";"23 - 35";"51429";"Herkenrath"
"Ball";"40 - 44";"51429";"Herkenrath"
"Barbarastraße";"1 - 23";"51429";"Moitzfeld"
"Barbarastraße";"2 - 8";"51429";"Moitzfeld"
"Barbarastraße";"10 - 38";"51429";"Moitzfeld"
"Barbarastraße";"40 - 42";"51429";"Moitzfeld"
"Bärbroich";"1 - 1";"51429";"Bärbroich"
"Bärbroich";"3 - 23";"51429";"Bärbroich"
"Bärbroich";"4 - 48";"51429";"Bärbroich"
"Bärbroich";"25 - 43";"51429";"Bärbroich"
"Bärbroich";"45 - 47";"51429";"Bärbroich"
"Bärbroich";"54 - 54";"51429";"Bärbroich"
"Bärbroicher Straße";"1 - 1";"51429";"Herkenrath"
"Bärbroicher Straße";"2 - 10";"51429";"Herkenrath"
"Bärbroicher Straße";"9 - 25";"51429";"Herkenrath"
"Bärbroicher Straße";"33 - 41";"51429";"Bärbroich"
"Bärbroicher Straße";"52 - 56";"51429";"Bärbroich"
"Bärbroicher Straße";"55 - 55";"51429";"Bärbroich"
"Bärbroicher Straße";"58 - 58";"51429";"Bärbroich"
"Baumgarten";"1 - 4";"51429";"Bensberg"
"Bech";"1 - 5";"51429";"Asselborn"
"Bech";"6 - 16";"51429";"Asselborn"
"Bech";"17 - 17";"51429";"Asselborn"
"Beckershäuschen";"1 - 17";"51427";"Refrath"
"Beckershäuschen";"2 - 26";"51427";"Refrath"
"Beckershäuschen";"21 - 23";"51427";"Refrath"
"Beethovenstraße";"1 - 53";"51427";"Frankenforst"
"Beethovenstraße";"4 - 4";"51427";"Frankenforst"
"Beethovenstraße";"12 - 22";"51427";"Frankenforst"
"Beethovenstraße";"65 - 79";"51427";"Frankenforst"
"Belgischer Platz";"998 - 998";"51427";"Frankenforst"
"Beningsfeld";"2 - 42";"51427";"Refrath"
"Beningsfeld";"9 - 23";"51427";"Refrath"
"Beningsfeld";"25 - 35";"51427";"Refrath"
"Beningsfeld";"39 - 43";"51427";"Refrath"
"Beningsfeld";"44 - 52";"51427";"Refrath"
"Bensberger Straße";"55 - 55";"51465";"Stadtmitte"
"Bensberger Straße";"66 - 76";"51465";"Stadtmitte"
"Bensberger Straße";"85 - 89";"51465";"Stadtmitte"
"Bensberger Straße";"88 - 110";"51469";"Heidkamp"
"Bensberger Straße";"91 - 113";"51469";"Heidkamp"
"Bensberger Straße";"115 - 133";"51469";"Heidkamp"
"Bensberger Straße";"118 - 158";"51469";"Heidkamp"
"Bensberger Straße";"135 - 147";"51469";"Heidkamp"
"Bensberger Straße";"160 - 168";"51469";"Heidkamp"
"Bensberger Straße";"170 - 180";"51469";"Heidkamp"
"Berg";"1 - 3";"51429";"Asselborn"
"Bergmannsweg";"1 - 11";"51429";"Moitzfeld"
"Bergstraße";"2 - 26";"51465";"Stadtmitte"
"Bergstraße";"19 - 37";"51465";"Stadtmitte"
"Bergstraße";"28 - 42";"51465";"Stadtmitte"
"Bergstraße";"47 - 63";"51465";"Stadtmitte"
"Bernard-Eyberg-Straße";"2 - 2";"51427";"Alt-Refrath"
"Bernard-Eyberg-Straße";"3 - 3";"51427";"Alt-Refrath"
"Bernard-Eyberg-Straße";"5 - 13";"51427";"Alt-Refrath"
"Bernard-Eyberg-Straße";"30 - 38";"51427";"Refrath"
"Bernard-Eyberg-Straße";"31 - 57";"51427";"Refrath"
"Bernard-Eyberg-Straße";"40 - 48";"51427";"Refrath"
"Bernard-Eyberg-Straße";"52 - 66";"51427";"Refrath"
"Bernard-Eyberg-Straße";"61 - 65";"51427";"Refrath"
"Bernard-Eyberg-Straße";"70 - 90";"51427";"Refrath"
"Bernard-Eyberg-Straße";"73 - 85";"51427";"Refrath"
"Bertram-Blank-Straße";"1 - 1";"51427";"Refrath"
"Bertram-Blank-Straße";"4 - 8";"51427";"Refrath"
"Berzeliusstraße";"1 - 1";"51429";"Lückerath"
"Berzeliusstraße";"5 - 19";"51429";"Lückerath"
"Binsenweg";"1 - 15";"51469";"Paffrath"
"Binsenweg";"2 - 18";"51469";"Paffrath"
"Birkenhain";"1 - 5";"51469";"Heidkamp"
"Birkenhain";"2 - 6";"51469";"Heidkamp"
"Birkenhöhenweg";"1 - 7";"51465";"Stadtmitte"
"Birkenhöhenweg";"4 - 10";"51465";"Stadtmitte"
"Birkenhöhenweg";"9 - 21";"51465";"Stadtmitte"
"Birkenhöhenweg";"12 - 18";"51465";"Stadtmitte"
"Birkenhöhenweg";"22 - 22";"51465";"Stadtmitte"
"Birkenweg";"1 - 13";"51467";"Schildgen"
"Birkenweg";"2 - 10";"51467";"Schildgen"
"Birkerfeld";"2 - 36";"51429";"Moitzfeld"
"Birkerfeld";"5 - 105";"51429";"Moitzfeld"
"Birkerhof";"1 - 1";"51429";"Moitzfeld"
"Birkerhof";"2 - 2";"51429";"Moitzfeld"
"Birkerhof";"6 - 16";"51429";"Moitzfeld"
"Birkerhöhe";"1 - 31";"51429";"Moitzfeld"
"Birkerhöhe";"2 - 4";"51429";"Moitzfeld"
"Birkerhöhe";"6 - 34";"51429";"Moitzfeld"
"Bonnschlade";"7 - 15";"51469";"Heidkamp"
"Börnchen";"1 - 1";"51467";"Katterbach"
"Borngasse";"1 - 1";"51469";"Paffrath"
"Borngasse";"2 - 2";"51469";"Paffrath"
"Borngasse";"40 - 88";"51469";"Paffrath"
"Borngasse";"63 - 81";"51469";"Paffrath"
"Borngasse";"83 - 95";"51469";"Paffrath"
"Borngasse";"99 - 105";"51469";"Paffrath"
"Borngasse";"115 - 139";"51469";"Paffrath"
"Bourgoinstraße";"1 - 5";"51469";"Gronau"
"Bourgoinstraße";"2 - 12";"51469";"Gronau"
"Brahmsstraße";"1 - 5";"51467";"Schildgen"
"Brahmsstraße";"2 - 2";"51467";"Schildgen"
"Brahmsstraße";"7 - 9";"51467";"Schildgen"
"Branderhof";"1 - 1";"51429";"Bärbroich"
"Brandroster";"1 - 5";"51427";"Refrath"
"Brandroster";"2 - 22";"51427";"Refrath"
"Brandroster";"7 - 21";"51427";"Refrath"
"Brandroster";"27 - 41";"51427";"Refrath"
"Brandroster";"30 - 68";"51427";"Refrath"
"Brandroster";"49 - 53";"51427";"Refrath"
"Brandroster";"55 - 67";"51427";"Refrath"
"Brandroster";"70 - 82";"51427";"Refrath"
"Braunkohlenstraße";"1 - 41";"51469";"Heidkamp"
"Braunkohlenstraße";"12 - 24";"51469";"Heidkamp"
"Braunkohlenstraße";"28 - 32";"51469";"Heidkamp"
"Braunsberg";"1 - 19";"51429";"Herkenrath"
"Braunsberg";"4 - 20";"51429";"Herkenrath"
"Braunsberg";"22 - 22";"51429";"Asselborn"
"Braunsberg";"24 - 80";"51429";"Asselborn"
"Braunsberg";"25 - 107";"51429";"Asselborn"
"Braunsberg";"90 - 94";"51429";"Asselborn"
"Braunsberg";"120 - 120";"51429";"Asselborn"
"Braunsberg";"130 - 130";"51429";"Asselborn"
"Braunsberger Feld";"1 - 29";"51429";"Herkenrath"
"Braunsberger Feld";"10 - 12";"51429";"Herkenrath"
"Breite";"1 - 21";"51429";"Herkenrath"
"Breitenweg";"4 - 24";"51429";"Herrenstrunden"
"Breitenweg";"9 - 19";"51429";"Herrenstrunden"
"Breslauer Straße";"1 - 7";"51469";"Hand"
"Breslauer Straße";"2 - 28";"51469";"Hand"
"Breslauer Straße";"9 - 27";"51469";"Hand"
"Breslauer Straße";"29 - 31";"51469";"Hand"
"Breslauer Straße";"30 - 44";"51469";"Hand"
"Breslauer Straße";"33 - 37";"51469";"Hand"
"Britanniahütte";"1 - 2";"51469";"Gronau"
"Britanniahütte";"4 - 32";"51469";"Gronau"
"Britanniahütte";"17 - 29";"51469";"Gronau"
"Broich";"1 - 25";"51429";"Bärbroich"
"Broichen";"1 - 1";"51429";"Kaule"
"Broichen";"2 - 2";"51429";"Kaule"
"Broicher Feld";"1 - 11";"51467";"Schildgen"
"Broicher Feld";"2 - 8";"51467";"Schildgen"
"Broicher Feld";"10 - 24";"51467";"Schildgen"
"Broicher Feld";"19 - 43";"51467";"Schildgen"
"Broicher Straße";"1 - 9";"51429";"Kaule"
"Broicher Straße";"2 - 50";"51429";"Kaule"
"Broicher Straße";"11 - 19";"51429";"Kaule"
"Broicher Straße";"23 - 43";"51429";"Kaule"
"Broicher Straße";"56 - 72";"51429";"Kaule"
"Broicher Straße";"84 - 94";"51429";"Kaule"
"Broichhausen";"5 - 10";"51429";"Bärbroich"
"Bromberger Straße";"9 - 25";"51469";"Hand"
"Bromberger Straße";"10 - 18";"51469";"Hand"
"Brucknerstraße";"1 - 9";"51467";"Schildgen"
"Brucknerstraße";"2 - 10";"51467";"Schildgen"
"Brüderstraße";"33 - 51";"51427";"Frankenforst"
"Brüderstraße";"46 - 46";"51427";"Frankenforst"
"Brüderstraße";"53 - 53";"51427";"Frankenforst"
"Brunhildenpfad";"1 - 23";"51469";"Gronau"
"Brunhildenpfad";"6 - 26";"51469";"Gronau"
"Büchel";"5 - 18";"51465";"Herrenstrunden"
"Bücheler Weg";"31 - 31";"51465";"Herrenstrunden"
"Büchelterhof";"1 - 1";"51429";"Asselborn"
"Buchenallee";"3 - 9";"51427";"Frankenforst"
"Buchenallee";"8 - 10";"51427";"Frankenforst"
"Buchenallee";"11 - 15";"51427";"Frankenforst"
"Buchenallee";"12 - 18";"51427";"Frankenforst"
"Buchenallee";"17 - 23";"51427";"Frankenforst"
"Buchenallee";"20 - 20";"51427";"Frankenforst"
"Buchenkampsweg";"8 - 18";"51427";"Refrath"
"Buchholzstraße";"1 - 35";"51469";"Gronau"
"Buchholzstraße";"2 - 14";"51469";"Gronau"
"Buchholzstraße";"37 - 39";"51469";"Gronau"
"Buchholzstraße";"40 - 60";"51469";"Gronau"
"Buchholzstraße";"41 - 55";"51469";"Gronau"
"Buchholzstraße";"65 - 105";"51469";"Gronau"
"Buchholzstraße";"80 - 80";"51469";"Paffrath"
"Buchholzstraße";"82 - 98";"51469";"Paffrath"
"Buchholzstraße";"109 - 109";"51469";"Paffrath"
"Buchholzstraße";"111 - 113";"51469";"Paffrath"
"Buchmühlenstraße";"2 - 12";"51465";"Stadtmitte"
"Buchmühlenstraße";"7 - 25";"51465";"Stadtmitte"
"Büchnerstraße";"3 - 15";"51429";"Herkenrath"
"Büchnerstraße";"4 - 22";"51429";"Herkenrath"
"Buchweizenweg";"1 - 23";"51427";"Lustheide"
"Buchweizenweg";"2 - 8";"51427";"Lustheide"
"Buchweizenweg";"10 - 30";"51427";"Lustheide"
"Buchweizenweg";"25 - 25";"51427";"Lustheide"
"Buchweizenweg";"31 - 35";"51427";"Lustheide"
"Buddestraße";"2 - 14";"51429";"Bensberg"
"Buddestraße";"11 - 21";"51429";"Bensberg"
"Buddestraße";"18 - 20";"51429";"Bensberg"
"Buddestraße";"25 - 31";"51429";"Bensberg"
"Burggraben";"1 - 7";"51429";"Bensberg"
"Burggraben";"8 - 8";"51429";"Bensberg"
"Burggraben";"9 - 37";"51429";"Bensberg"
"Burgherrenweg";"1 - 117";"51427";"Kippekausen"
"Burgherrenweg";"2 - 68";"51427";"Kippekausen"
"Burgplatz";"1 - 4";"51427";"Kippekausen"
"Burgplatz";"5 - 5";"51427";"Kippekausen"
"Burgplatz";"6 - 6";"51427";"Kippekausen"
"Burgplatz";"7 - 7";"51427";"Kippekausen"
"Burgstraße";"1 - 115";"51427";"Kippekausen"
"Burgstraße";"2 - 152";"51427";"Kippekausen"
"Büschemerstraße";"1 - 19";"51427";"Refrath"
"Büschemerstraße";"2 - 14";"51427";"Refrath"
"Büschemerstraße";"20 - 24";"51427";"Refrath"
"Büschemerstraße";"21 - 29";"51427";"Refrath"
"Buschhorner Weg";"2 - 12";"51467";"Nußbaum"
"Buschhorner Weg";"3 - 5";"51467";"Nußbaum"
"Buschhorner Weg";"9 - 11";"51467";"Nußbaum"
"Carl-Schurz-Weg";"4 - 28";"51429";"Bensberg"
"Carl-Schurz-Weg";"5 - 21";"51429";"Bensberg"
"Carl-Sonnenschein-Straße";"1 - 11";"51469";"Paffrath"
"Carl-Sonnenschein-Straße";"2 - 6";"51469";"Paffrath"
"Carl-Sonnenschein-Straße";"13 - 33";"51469";"Paffrath"
"Carl-von-Ossietzky-Straße";"4 - 98";"51469";"Hand"
"Carl-von-Ossietzky-Straße";"11 - 99";"51469";"Hand"
"Cederstraße";"1 - 3";"51465";"Stadtmitte"
"Cederstraße";"2 - 2";"51465";"Stadtmitte"
"Cederwald";"2 - 20";"51465";"Stadtmitte"
"Cederwaldstraße";"1 - 29";"51465";"Stadtmitte"
"Cederwaldstraße";"12 - 32";"51465";"Stadtmitte"
"Chlodwigstraße";"2 - 22";"51427";"Frankenforst"
"Christophorusstraße";"1 - 11";"51469";"Heidkamp"
"Christophorusstraße";"6 - 10";"51469";"Heidkamp"
"Christophorusstraße";"12 - 48";"51469";"Heidkamp"
"Christophorusstraße";"13 - 47";"51469";"Heidkamp"
"Clemensstraße";"1 - 17";"51469";"Paffrath"
"Clemensstraße";"4 - 24";"51469";"Paffrath"
"Combüchen";"1 - 5";"51465";"Herrenstrunden"
"Concordiaweg";"2 - 40";"51467";"Schildgen"
"Concordiaweg";"7 - 17";"51467";"Schildgen"
"Curiestraße";"1 - 5";"51467";"Schildgen"
"Curiestraße";"4 - 8";"51467";"Schildgen"
"Dählchen";"1 - 29";"51469";"Paffrath"
"Dählchen";"2 - 20";"51469";"Paffrath"
"Dählchen";"22 - 48";"51469";"Paffrath"
"Damaschkestraße";"1 - 3";"51469";"Gronau"
"Damaschkestraße";"5 - 41";"51469";"Gronau"
"Damaschkestraße";"8 - 46";"51469";"Gronau"
"Damaschkestraße";"48 - 54";"51469";"Gronau"
"Danielsweg";"2 - 8";"51429";"Lückerath"
"Danielsweg";"3 - 11";"51429";"Lückerath"
"Danziger Straße";"2 - 8";"51469";"Hand"
"Danziger Straße";"5 - 5";"51469";"Hand"
"Danziger Straße";"7 - 19";"51469";"Hand"
"Danziger Straße";"10 - 18";"51469";"Hand"
"Dariusstraße";"1 - 5";"51429";"Kaule"
"Dariusstraße";"6 - 12";"51429";"Kaule"
"Dariusstraße";"18 - 26";"51429";"Kaule"
"De-Gasperi-Straße";"1 - 9";"51469";"Gronau"
"De-Gasperi-Straße";"2 - 8";"51469";"Gronau"
"Dechant-Müller-Straße";"10 - 14";"51465";"Stadtmitte"
"Dechant-Müller-Straße";"11 - 11";"51465";"Stadtmitte"
"Dellbrücker Straße";"53 - 97";"51469";"Hand"
"Dellbrücker Straße";"99 - 119";"51469";"Hand"
"Dellbrücker Straße";"165 - 199";"51469";"Paffrath"
"Dellbrücker Straße";"200 - 240";"51469";"Paffrath"
"Dellbrücker Straße";"223 - 237";"51469";"Paffrath"
"Dellbrücker Straße";"246 - 262";"51469";"Paffrath"
"Dellbrücker Straße";"247 - 273";"51469";"Paffrath"
"Dellbrücker Straße";"264 - 272";"51469";"Paffrath"
"Dellbrücker Straße";"287 - 295";"51469";"Paffrath"
"Dellbrücker Straße";"297 - 299";"51469";"Paffrath"
"Deutscher Platz";"1 - 7";"51429";"Bensberg"
"Deutscher Platz";"2 - 8";"51429";"Bensberg"
"Diakonissenweg";"1 - 17";"51429";"Moitzfeld"
"Diakonissenweg";"2 - 36";"51429";"Moitzfeld"
"Diakonissenweg";"19 - 37";"51429";"Moitzfeld"
"Diakonissenweg";"44 - 44";"51429";"Moitzfeld"
"Diakonissenweg";"60 - 64";"51429";"Moitzfeld"
"Diepeschrath";"1 - 3";"51469";"Hand"
"Diepeschrath";"2 - 6";"51469";"Hand"
"Diepeschrather Weg";"1 - 27";"51469";"Hand"
"Diepeschrather Weg";"4 - 14";"51469";"Hand"
"Diepeschrather Weg";"22 - 40";"51469";"Hand"
"Diepeschrather Weg";"29 - 47";"51469";"Hand"
"Diepeschrather Weg";"40 - 54";"51469";"Hand"
"Diepeschrather Weg";"80 - 80";"51469";"Hand"
"Dietrich-von-Dorendorp-St";"1 - 35";"51429";"Herkenrath"
"Dietrich-von-Dorendorp-St";"2 - 12";"51429";"Herkenrath"
"Dietrich-von-Dorendorp-St";"14 - 42";"51429";"Herkenrath"
"Dolmanstraße";"14 - 22";"51427";"Refrath"
"Dolmanstraße";"15 - 15";"51427";"Refrath"
"Dolmanstraße";"39 - 47";"51427";"Alt-Refrath"
"Dolmanstraße";"49 - 65";"51427";"Alt-Refrath"
"Dolmanstraße";"56 - 60";"51427";"Alt-Refrath"
"Dolmanstraße";"60 - 66";"51427";"Alt-Refrath"
"Dolmanstraße";"68 - 108";"51427";"Alt-Refrath"
"Dolmanstraße";"69 - 73";"51427";"Alt-Refrath"
"Dolmanstraße";"77 - 95";"51427";"Alt-Refrath"
"Dolmanstraße";"112 - 126";"51427";"Alt-Refrath"
"Dombach";"9 - 27";"51465";"Sand"
"Dombach-Sander-Straße";"42 - 94";"51465";"Sand"
"Dombach-Sander-Straße";"87 - 115";"51465";"Sand"
"Dombach-Sander-Straße";"117 - 133";"51465";"Sand"
"Don-Bosco-Straße";"1 - 15";"51469";"Paffrath"
"Don-Bosco-Straße";"2 - 22";"51469";"Paffrath"
"Don-Bosco-Straße";"17 - 27";"51469";"Paffrath"
"Don-Bosco-Straße";"29 - 45";"51469";"Paffrath"
"Dorn";"2 - 2";"51429";"Bärbroich"
"Dorn";"5 - 17";"51429";"Bärbroich"
"Dorn";"10 - 10";"51429";"Bärbroich"
"Dornröschenpfad";"1 - 5";"51469";"Heidkamp"
"Dornröschenpfad";"6 - 11";"51469";"Heidkamp"
"Dr.-Lautz-Weg";"1 - 21";"51427";"Kippekausen"
"Dr.-Lautz-Weg";"2 - 4";"51427";"Kippekausen"
"Dr.-Lautz-Weg";"8 - 24";"51427";"Kippekausen"
"Dr.-Müller-Frank-Straße";"15 - 15";"51429";"Moitzfeld"
"Dr.-Müller-Frank-Straße";"41 - 45";"51429";"Moitzfeld"
"Dr.-Müller-Frank-Straße";"999 - 999";"51429";"Herkenrath"
"Dr.-Robert-Koch-Straße";"1 - 17";"51465";"Stadtmitte"
"Dr.-Robert-Koch-Straße";"8 - 20";"51465";"Stadtmitte"
"Drecker Wiese";"3 - 23";"51469";"Paffrath"
"Drecker Wiese";"4 - 22";"51469";"Paffrath"
"Drecker Wiese";"26 - 36";"51469";"Paffrath"
"Dresherscheid";"2 - 6";"51429";"Bärbroich"
"Drosselweg";"1 - 47";"51467";"Schildgen"
"Drosselweg";"2 - 38";"51467";"Schildgen"
"Drosselweg";"40 - 46";"51467";"Schildgen"
"Duckmaus";"1 - 7";"51429";"Lückerath"
"Duckmaus";"4 - 10";"51429";"Lückerath"
"Duckterather Busch";"1 - 17";"51469";"Hand"
"Duckterather Busch";"2 - 18";"51469";"Hand"
"Duckterather Weg";"ohne Hausnummer";"51469";"Google Maps: Bergisch Gladbach-Mülheim"
"Duisbergstraße";"1 - 9";"51467";"Schildgen"
"Duisbergstraße";"2 - 14";"51467";"Schildgen"
"Dünnhofsweg";"1 - 71";"51469";"Gronau"
"Dünnhofsweg";"2 - 32";"51469";"Gronau"
"Dünnhofsweg";"34 - 70";"51469";"Gronau"
"Dünnwalder Weg";"6 - 44";"51467";"Schildgen"
"Ehrenfeld";"1 - 63";"51429";"Moitzfeld"
"Ehrenfeld";"2 - 40";"51429";"Moitzfeld"
"Ehrenfeld";"42 - 44";"51429";"Moitzfeld"
"Eibenweg";"Duckterather Weg 28 - 34";"51469";"Hand"
"Eibenweg";"Duckterather Weg 35 - 35";"51469";"Hand"
"Eibenweg";"Duckterather Weg 41 - 91";"51469";"Hand"
"Eibenweg";"Duckterather Weg 42 - 92";"51469";"Hand"
"Eichelstraße";"5 - 11";"51429";"Bensberg"
"Eichelstraße";"6 - 16";"51429";"Bensberg"
"Eichelstraße";"13 - 15";"51429";"Bensberg"
"Eichelstraße";"17 - 25";"51429";"Bensberg"
"Eichelstraße";"18 - 32";"51429";"Bensberg"
"Eichelstraße";"29 - 29";"51429";"Bensberg"
"Eichen";"5 - 23";"51467";"Katterbach"
"Eichen";"6 - 48";"51467";"Katterbach"
"Eichendorffstraße";"1 - 21";"51427";"Refrath"
"Eichendorffstraße";"2 - 16";"51427";"Refrath"
"Eichendorffstraße";"18 - 18";"51427";"Refrath"
"Eichenhainallee";"2 - 2";"51427";"Frankenforst"
"Eichenhainallee";"7 - 19";"51427";"Frankenforst"
"Eichenhainallee";"8 - 22";"51427";"Frankenforst"
"Eichenhainallee";"23 - 29";"51427";"Frankenforst"
"Eichenhainallee";"24 - 38";"51427";"Frankenforst"
"Eichenhainallee";"35 - 51";"51427";"Frankenforst"
"Eichenhainallee";"40 - 42";"51427";"Frankenforst"
"Eichenhainallee";"42 - 56";"51427";"Frankenforst"
"Eichenhainallee";"63 - 65";"51427";"Frankenforst"
"Eichenhainallee";"67 - 79";"51427";"Frankenforst"
"Eichenweg";"1 - 9";"51467";"Schildgen"
"Eichenweg";"2 - 22";"51467";"Schildgen"
"Eichenweg";"11 - 19";"51467";"Schildgen"
"Eicherhof";"1 - 1";"51465";"Sand"
"Eidechsenweg";"1 - 15";"51427";"Frankenforst"
"Eidechsenweg";"2 - 20";"51427";"Frankenforst"
"Eintrachtstraße";"2 - 36";"51429";"Bensberg"
"Elfenpfad";"Duckterather Weg 28 - 34";"51469";"Hand"
"Elfenpfad";"Duckterather Weg 35 - 35";"51469";"Hand"
"Elfenpfad";"Duckterather Weg 41 - 91";"51469";"Hand"
"Elfenpfad";"Duckterather Weg 42 - 92";"51469";"Hand"
"Elisabethstraße";"1 - 5";"51429";"Lückerath"
"Elisabethstraße";"2 - 12";"51429";"Lückerath"
"Elisabethstraße";"7 - 15";"51429";"Lückerath"
"Elsa-Brändström-Straße";"1 - 27";"51469";"Paffrath"
"Elsa-Brändström-Straße";"2 - 30";"51469";"Paffrath"
"Elsterstraße";"1 - 15";"51427";"Frankenforst"
"Elsterstraße";"2 - 12";"51427";"Frankenforst"
"Elsterstraße";"19 - 31";"51427";"Frankenforst"
"Elsterstraße";"22 - 28";"51427";"Frankenforst"
"Emilie-Schmitz-Weg";"998 - 998";"51429";"Bensberg"
"Engelbertstraße";"1 - 5";"51429";"Bensberg"
"Engelbertstraße";"2 - 4";"51429";"Bensberg"
"Engelsgut";"2 - 28";"51467";"Hebborn"
"Engelsgut";"3 - 73";"51467";"Hebborn"
"Enrico-Fermi-Straße";"2 - 24";"51429";"Moitzfeld"
"Erikastraße";"1 - 21";"51427";"Refrath"
"Erikastraße";"2 - 22";"51427";"Refrath"
"Erlengrund";"3 - 9";"51429";"Kaule"
"Erlengrund";"4 - 6";"51429";"Kaule"
"Erlenweg";"1 - 7";"51467";"Schildgen"
"Erlenweg";"2 - 12";"51467";"Schildgen"
"Erlenweg";"9 - 29";"51467";"Schildgen"
"Erna-Klug-Weg";"998 - 998";"51429";"Bensberg"
"Ernst-Moritz-Arndt-Straße";"1 - 13";"51427";"Refrath"
"Ernst-Moritz-Arndt-Straße";"4 - 16";"51427";"Refrath"
"Ernst-Reuter-Straße";"1 - 11";"51427";"Frankenforst"
"Ernst-Reuter-Straße";"2 - 8";"51427";"Frankenforst"
"Ernst-Reuter-Straße";"10 - 28";"51427";"Frankenforst"
"Ernst-Reuter-Straße";"13 - 17";"51427";"Frankenforst"
"Erntestraße";"1 - 41";"51427";"Lustheide"
"Erntestraße";"2 - 2";"51427";"Lustheide"
"Erntestraße";"4 - 12";"51427";"Lustheide"
"Erntestraße";"14 - 24";"51427";"Lustheide"
"Erntestraße";"26 - 40";"51427";"Lustheide"
"Eschenbroichstraße";"2 - 12";"51469";"Hand"
"Eschenbroichstraße";"5 - 5";"51469";"Hand"
"Eschenbroichstraße";"7 - 17";"51469";"Hand"
"Eschenbroichstraße";"18 - 24";"51469";"Hand"
"Eschenbroichstraße";"21 - 31";"51469";"Hand"
"Eschenbroichstraße";"28 - 52";"51469";"Hand"
"Eschenbroichstraße";"33 - 49";"51469";"Hand"
"Eschenbroichstraße";"54 - 58";"51469";"Hand"
"Eschenweg";"Eschenbroichstraße 2 - 12";"51469";"Hand"
"Eschenweg";"Eschenbroichstraße 5 - 5";"51469";"Hand"
"Eschenweg";"Eschenbroichstraße 7 - 17";"51469";"Hand"
"Eschenweg";"Eschenbroichstraße 18 - 24";"51469";"Hand"
"Eschenweg";"Eschenbroichstraße 21 - 31";"51469";"Hand"
"Eschenweg";"Eschenbroichstraße 28 - 52";"51469";"Hand"
"Eschenweg";"Eschenbroichstraße 33 - 49";"51469";"Hand"
"Eschenweg";"Eschenbroichstraße 54 - 58";"51469";"Hand"
"Eugen-Langen-Straße";"1 - 11";"51427";"Kippekausen"
"Eugen-Langen-Straße";"2 - 14";"51427";"Kippekausen"
"Eulenburg";"1 - 5";"51465";"Sand"
"Eulenburg";"6 - 6";"51465";"Sand"
"Eulenweg";"1 - 7";"51427";"Frankenforst"
"Eulenweg";"2 - 10";"51427";"Frankenforst"
"Fahner Weg";"1 - 31";"51467";"Schildgen"
"Fahner Weg";"2 - 6";"51467";"Schildgen"
"Fahner Weg";"10 - 36";"51467";"Schildgen"
"Fahner Weg";"35 - 41";"51467";"Schildgen"
"Falkenstraße";"1 - 1";"51427";"Frankenforst"
"Falkenstraße";"2 - 10";"51427";"Frankenforst"
"Falkenstraße";"11 - 11";"51427";"Frankenforst"
"Falltorstraße";"1 - 23";"51429";"Bensberg"
"Falltorstraße";"2 - 6";"51429";"Bensberg"
"Falltorstraße";"8 - 10";"51429";"Bensberg"
"Falltorstraße";"12 - 24";"51429";"Bensberg"
"Falltorstraße";"26 - 34";"51429";"Bensberg"
"Falltorstraße";"31 - 37";"51429";"Bensberg"
"Farnweg";"1 - 25";"51469";"Paffrath"
"Farnweg";"2 - 20";"51469";"Paffrath"
"Farnweg";"32 - 38";"51469";"Paffrath"
"Fasanenstraße";"1 - 11";"51427";"Frankenforst"
"Fasanenstraße";"6 - 18";"51427";"Frankenforst"
"Fasanenstraße";"20 - 40";"51427";"Frankenforst"
"Fasanenstraße";"27 - 37";"51427";"Frankenforst"
"Fauthstraße";"1 - 113";"51465";"Stadtmitte"
"Fauthstraße";"2 - 84";"51465";"Stadtmitte"
"Feldstraße";"5 - 53";"51469";"Heidkamp"
"Feldstraße";"6 - 28";"51469";"Heidkamp"
"Feldstraße";"67 - 113";"51469";"Heidkamp"
"Feldstraße";"82 - 98";"51469";"Heidkamp"
"Feldstraße";"104 - 126";"51469";"Heidkamp"
"Feldstraße";"117 - 123";"51469";"Heidkamp"
"Feldstraße";"125 - 129";"51469";"Heidkamp"
"Feldstraße";"128 - 136";"51469";"Heidkamp"
"Ferdinand-Schmitz-Straße";"1 - 15";"51429";"Lückerath"
"Ferdinand-Schmitz-Straße";"2 - 32";"51429";"Lückerath"
"Ferdinand-Schmitz-Straße";"17 - 33";"51429";"Lückerath"
"Ferdinand-Schmitz-Straße";"34 - 42";"51429";"Lückerath"
"Ferdinand-Stucker-Straße";"1 - 1";"51429";"Bensberg"
"Ferdinand-Stucker-Straße";"2 - 12";"51429";"Bensberg"
"Ferdinand-Stucker-Straße";"3 - 21";"51429";"Bensberg"
"Ferdinand-Stucker-Straße";"14 - 26";"51429";"Bensberg"
"Ferdinand-Stucker-Straße";"23 - 23";"51429";"Bensberg"
"Ferdinand-Stucker-Straße";"27 - 33";"51429";"Kaule"
"Ferdinand-Stucker-Straße";"32 - 40";"51429";"Kaule"
"Ferdinandstraße";"4 - 8";"51469";"Gronau"
"Ferdinandstraße";"16 - 16";"51469";"Gronau"
"Ferdinandstraße";"18 - 34";"51469";"Gronau"
"Ferdinandstraße";"23 - 39";"51469";"Gronau"
"Ferrenbergstraße";"2 - 24";"51465";"Stadtmitte"
"Ferrenbergstraße";"5 - 5";"51465";"Stadtmitte"
"Ferrenbergstraße";"19 - 33";"51465";"Stadtmitte"
"Ferrenbergstraße";"34 - 96";"51465";"Stadtmitte"
"Ferrenbergstraße";"37 - 45";"51465";"Stadtmitte"
"Ferrenbergstraße";"57 - 103";"51465";"Stadtmitte"
"Ferrenbergstraße";"105 - 125";"51465";"Stadtmitte"
"Ferrenbergstraße";"120 - 138";"51465";"Stadtmitte"
"Ferrenbergstraße";"131 - 157";"51469";"Heidkamp"
"Ferrenbergstraße";"144 - 176";"51469";"Heidkamp"
"Fichtenweg";"1 - 13";"51467";"Schildgen"
"Fichtenweg";"2 - 18";"51467";"Schildgen"
"Finkenweg";"2 - 8";"51467";"Schildgen"
"Finkenweg";"3 - 3";"51467";"Schildgen"
"Fischbachstraße";"3 - 3";"51429";"Bensberg"
"Flachsberg";"1 - 15";"51469";"Paffrath"
"Flachsberg";"2 - 14";"51469";"Paffrath"
"Flehbachmühlenweg";"8 - 12";"51427";"Lustheide"
"Fliederweg";"2 - 8";"51429";"Bensberg"
"Flurstraße";"1 - 9";"51427";"Lustheide"
"Flurstraße";"2 - 10";"51427";"Lustheide"
"Föhrenhöfchen";"1 - 4";"51467";"Hebborn"
"Föhrenweg";"1 - 17";"51427";"Frankenforst"
"Föhrenweg";"4 - 10";"51427";"Frankenforst"
"Fontanestraße";"1 - 21";"51429";"Herkenrath"
"Fontanestraße";"2 - 24";"51429";"Herkenrath"
"Fontanestraße";"23 - 47";"51429";"Herkenrath"
"Forellenweg";"1 - 11";"51427";"Lustheide"
"Forellenweg";"2 - 14";"51427";"Lustheide"
"Försterweg";"1 - 19";"51429";"Kaule"
"Försterweg";"2 - 18";"51429";"Kaule"
"Forststraße";"1 - 5";"51429";"Kaule"
"Forststraße";"2 - 8";"51429";"Kaule"
"Forststraße";"9 - 19";"51429";"Kaule"
"Forststraße";"10 - 18";"51429";"Kaule"
"Frankenforster Straße";"2 - 12";"51427";"Frankenforst"
"Frankenforster Straße";"27 - 29";"51427";"Frankenforst"
"Frankenforster Straße";"36 - 40";"51427";"Frankenforst"
"Frankenforster Straße";"62 - 86";"51427";"Frankenforst"
"Frankenforster Straße";"77 - 77";"51427";"Frankenforst"
"Frankenforster Straße";"90 - 102";"51427";"Frankenforst"
"Frankenforster Straße";"104 - 132";"51427";"Frankenforst"
"Frankenforster Straße";"135 - 149";"51427";"Lustheide"
"Frankenforster Straße";"140 - 142";"51427";"Frankenforst"
"Frankenforster Straße";"152 - 166";"51427";"Lustheide"
"Frankenstraße";"1 - 33";"51427";"Frankenforst"
"Frankenstraße";"2 - 32";"51427";"Frankenforst"
"Frankenstraße";"34 - 70";"51427";"Frankenforst"
"Frankenstraße";"35 - 61";"51427";"Frankenforst"
"Franz-Coenen-Straße";"1 - 9";"51429";"Moitzfeld"
"Franz-Coenen-Straße";"2 - 14";"51429";"Moitzfeld"
"Franz-Coenen-Straße";"15 - 33";"51429";"Moitzfeld"
"Franz-Heider-Straße";"1 - 21";"51469";"Paffrath"
"Franz-Heider-Straße";"4 - 54";"51469";"Paffrath"
"Franz-Heider-Straße";"25 - 25";"51469";"Paffrath"
"Franz-Heider-Straße";"58 - 58";"51469";"Paffrath"
"Franz-Hitze-Straße";"1 - 43";"51469";"Hand"
"Franz-Hitze-Straße";"6 - 46";"51469";"Hand"
"Franz-Hitze-Straße";"45 - 65";"51469";"Hand"
"Franz-Hitze-Straße";"48 - 52";"51469";"Hand"
"Franz-Hitze-Straße";"62 - 64";"51469";"Hand"
"Franz-Hitze-Straße";"66 - 68";"51469";"Hand"
"Freiheit";"1 - 21";"51429";"Bensberg"
"Freiheit";"2 - 16";"51429";"Bensberg"
"Friedhofsweg";"4 - 11";"51429";"Bensberg"
"Friedrich-Ebert-Straße";"60 - 60";"51429";"Moitzfeld"
"Friedrich-Ebert-Straße";"68 - 72";"51429";"Moitzfeld"
"Friedrich-Ebert-Straße";"75 - 75";"51429";"Moitzfeld"
"Friedrich-Offermann-Str.";"3 - 5";"51429";"Bensberg"
"Friedrich-Offermann-Str.";"11 - 37";"51429";"Bensberg"
"Friedrich-Offermann-Str.";"12 - 20";"51429";"Bensberg"
"Friedrich-Offermann-Str.";"28 - 32";"51429";"Bensberg"
"Friedrich-Offermann-Str.";"42 - 60";"51429";"Kaule"
"Friedrich-Offermann-Str.";"49 - 63";"51429";"Kaule"
"Friedrich-Rosengarth-Str.";"1 - 35";"51429";"Moitzfeld"
"Friedrich-Rosengarth-Str.";"6 - 22";"51429";"Moitzfeld"
"Friedrich-Westphal-Weg";"3 - 39";"51469";"Heidkamp"
"Friedrichstraße";"3 - 45";"51465";"Stadtmitte"
"Friedrichstraße";"10 - 32";"51465";"Stadtmitte"
"Friesenstraße";"1 - 11";"51427";"Refrath"
"Friesenstraße";"12 - 13";"51427";"Refrath"
"Fröbelstraße";"1 - 15";"51429";"Moitzfeld"
"Fröbelstraße";"4 - 40";"51429";"Moitzfeld"
"Froschpfad";"1 - 23";"51427";"Frankenforst"
"Froschpfad";"2 - 20";"51427";"Frankenforst"
"Fuchskaule";"1 - 7";"51467";"Hebborn"
"Fuchskaule";"2 - 6";"51467";"Hebborn"
"Ganey-Tikva-Platz";"1 - 1";"51467";"Hebborn"
"Gartenstraße";"1 - 7";"51429";"Bensberg"
"Gartenstraße";"15 - 47";"51429";"Bensberg"
"Gartenstraße";"30 - 40";"51429";"Bensberg"
"Gartenstraße";"46 - 50";"51429";"Bensberg"
"Gemarkenberg";"1 - 1";"51467";"Romaney"
"Gemarkenweg";"1 - 9";"51467";"Schildgen"
"Gemarkenweg";"2 - 8";"51467";"Schildgen"
"Gerberlohe";"2 - 14";"51429";"Bensberg"
"Gerberlohe";"5 - 11";"51429";"Bensberg"
"Gerberweg";"2 - 8";"51429";"Bockenberg"
"Gerberweg";"3 - 5";"51429";"Bockenberg"
"Gerhart-Hauptmann-Platz";"1 - 25";"51469";"Gronau"
"Gerhart-Hauptmann-Platz";"2 - 26";"51469";"Gronau"
"Gerstenschlag";"1 - 21";"51467";"Hebborn"
"Gerstenschlag";"2 - 64";"51467";"Hebborn"
"Gertrudenstraße";"3 - 27";"51465";"Stadtmitte"
"Gertrudenstraße";"8 - 36";"51465";"Stadtmitte"
"Geschwister-Scholl-Straße";"3 - 5";"51427";"Kippekausen"
"Geschwister-Scholl-Straße";"4 - 6";"51427";"Kippekausen"
"Geschwister-Scholl-Straße";"6 - 6";"51427";"Kippekausen"
"Geschwister-Scholl-Straße";"8 - 16";"51427";"Kippekausen"
"Gewerbehof";"2 - 18";"51469";"Heidkamp"
"Gierath";"1 - 23";"51469";"Gronau"
"Gierath";"4 - 32";"51469";"Gronau"
"Gierather Mühlenweg";"2 - 6";"51469";"Gronau"
"Gierather Mühlenweg";"10 - 10";"51469";"Gronau"
"Gierather Mühlenweg";"12 - 24";"51469";"Gronau"
"Gierather Mühlenweg";"15 - 15";"51469";"Gronau"
"Gierather Straße";"9 - 33";"51469";"Gronau"
"Gierather Straße";"10 - 32";"51469";"Gronau"
"Gierather Straße";"35 - 77";"51469";"Gronau"
"Gierather Straße";"40 - 106";"51469";"Gronau"
"Gierather Straße";"144 - 190";"51469";"Gronau"
"Gierather Straße";"175 - 195";"51469";"Gronau"
"Gierather Straße";"192 - 216";"51469";"Gronau"
"Gierather Straße";"203 - 213";"51469";"Gronau"
"Gierather Straße";"215 - 229";"51469";"Gronau"
"Gierather Straße";"218 - 222";"51469";"Gronau"
"Gierather Wald";"1 - 57";"51469";"Gronau"
"Gierather Wald";"2 - 36";"51469";"Gronau"
"Gierather Wiese";"2 - 44";"51469";"Gronau"
"Ginsterweg";"1 - 19";"51427";"Refrath"
"Ginsterweg";"2 - 12";"51427";"Refrath"
"Ginsterweg";"14 - 24";"51427";"Refrath"
"Giselbertstraße";"1 - 59";"51429";"Bockenberg"
"Giselbertstraße";"6 - 26";"51429";"Bockenberg"
"Giselbertstraße";"28 - 38";"51429";"Bockenberg"
"Gladbacher Straße";"2 - 4";"51429";"Bensberg"
"Gladbacher Straße";"3 - 3";"51429";"Bensberg"
"Gladbacher Straße";"6 - 8";"51429";"Bensberg"
"Gladbacher Straße";"10 - 52";"51429";"Bensberg"
"Gladbacher Straße";"15 - 19";"51429";"Bensberg"
"Gladbacher Straße";"23 - 31";"51429";"Bensberg"
"Gladbacher Straße";"37 - 53";"51429";"Bensberg"
"Gladbacher Straße";"54 - 64";"51429";"Bensberg"
"Gladbacher Straße";"55 - 67";"51429";"Bensberg"
"Gladbacher Straße";"72 - 74";"51429";"Bensberg"
"Goerdelerstraße";"17 - 19";"51429";"Kaule"
"Goethestraße";"1 - 3";"51429";"Herkenrath"
"Goethestraße";"2 - 6";"51429";"Herkenrath"
"Goethestraße";"5 - 19";"51429";"Herkenrath"
"Goethestraße";"23 - 29";"51429";"Herkenrath"
"Goethestraße";"40 - 42";"51429";"Herkenrath"
"Goethestraße";"54 - 80";"51429";"Herkenrath"
"Goldbornstraße";"1 - 69";"51469";"Paffrath"
"Goldbornstraße";"2 - 14";"51469";"Paffrath"
"Goldbornstraße";"16 - 36";"51469";"Paffrath"
"Goldbornstraße";"38 - 56";"51469";"Paffrath"
"Goldbornstraße";"58 - 120";"51469";"Paffrath"
"Goldbornstraße";"83 - 91";"51469";"Paffrath"
"Goldbornstraße";"122 - 126";"51469";"Paffrath"
"Golfplatz";"1 - 4";"51429";"Gronau"
"Golfplatzstraße";"1 - 1";"51427";"Alt-Refrath"
"Golfplatzstraße";"2 - 30";"51427";"Alt-Refrath"
"Golfplatzstraße";"3 - 7";"51427";"Alt-Refrath"
"Golfplatzstraße";"9 - 9";"51427";"Alt-Refrath"
"Görlitzer Straße";"2 - 26";"51469";"Hand"
"Görlitzer Straße";"3 - 17";"51469";"Hand"
"Graf-Adolf-Straße";"1 - 19";"51429";"Lückerath"
"Graf-Adolf-Straße";"2 - 26";"51429";"Lückerath"
"Graf-Adolf-Straße";"21 - 35";"51429";"Lückerath"
"Graf-Bernadotte-Straße";"1 - 35";"51469";"Hand"
"Graf-Bernadotte-Straße";"2 - 34";"51469";"Hand"
"Graf-Galen-Straße";"3 - 9";"51429";"Kaule"
"Graf-Galen-Straße";"4 - 8";"51429";"Kaule"
"Graf-Hermann-Straße";"7 - 15";"51429";"Bockenberg"
"Graf-von-Spee-Straße";"1 - 27";"51429";"Lückerath"
"Graf-von-Spee-Straße";"2 - 22";"51429";"Lückerath"
"Graf-von-Spee-Straße";"26 - 32";"51429";"Lückerath"
"Graf-von-Spee-Straße";"29 - 39";"51429";"Lückerath"
"Greuel";"1 - 5";"51465";"Sand"
"Greuel";"12 - 32";"51465";"Sand"
"Greuel";"15 - 21";"51465";"Sand"
"Grometstraße";"1 - 11";"51427";"Lustheide"
"Grometstraße";"2 - 10";"51427";"Lustheide"
"Grometstraße";"12 - 26";"51427";"Lustheide"
"Grometstraße";"13 - 21";"51427";"Lustheide"
"Gronauer Mühlenweg";"1 - 1";"51465";"Stadtmitte"
"Gronauer Mühlenweg";"14 - 16";"51465";"Stadtmitte"
"Gronauer Waldweg";"2 - 2";"51465";"Stadtmitte"
"Gronauer Waldweg";"4 - 8";"51465";"Stadtmitte"
"Gronauer Waldweg";"10 - 16";"51465";"Stadtmitte"
"Gronauer Waldweg";"18 - 30";"51469";"Heidkamp"
"Gronauer Waldweg";"21 - 31";"51469";"Heidkamp"
"Gronauer Waldweg";"31 - 35";"51469";"Heidkamp"
"Gronauer Waldweg";"32 - 44";"51469";"Heidkamp"
"Gronauer Waldweg";"48 - 52";"51469";"Heidkamp"
"Gronauer Waldweg";"54 - 56";"51469";"Heidkamp"
"Gronauer Waldweg";"58 - 64";"51469";"Heidkamp"
"Gronewald";"1 - 21";"51429";"Herkenrath"
"Gronewald";"2 - 22";"51429";"Herkenrath"
"Groß Hohn";"9 - 27";"51429";"Moitzfeld"
"Groß Hohn";"22 - 28";"51429";"Moitzfeld"
"Groß Hohn";"30 - 32";"51429";"Moitzfeld"
"Groß Hohn";"34 - 40";"51429";"Moitzfeld"
"Großer Busch";"1 - 1";"51467";"Romaney"
"Großer Busch";"2 - 54";"51467";"Romaney"
"Großer Busch";"3 - 85";"51467";"Romaney"
"Grube";"1 - 5";"51467";"Romaney"
"Grube Apfel";"6 - 9";"51429";"Moitzfeld"
"Grube Weiß";"1 - 9";"51429";"Moitzfeld"
"Grube Weiß";"2 - 8";"51429";"Moitzfeld"
"Grube Weiß";"10 - 14";"51429";"Moitzfeld"
"Grube Weiß";"20 - 22";"51429";"Moitzfeld"
"Grubenfeld";"2 - 8";"51467";"Romaney"
"Grubenfeld";"3 - 7";"51467";"Romaney"
"Grünenbäumchen";"1 - 9";"51429";"Herkenrath"
"Grünenbäumchen";"6 - 36";"51429";"Herkenrath"
"Grünenbäumchen";"11 - 25";"51429";"Herkenrath"
"Grünenbäumchen";"29 - 39";"51429";"Herkenrath"
"Grüner Weg";"1 - 3";"51469";"Heidkamp"
"Grüner Weg";"2 - 6";"51469";"Heidkamp"
"Grüner Weg";"5 - 9";"51469";"Heidkamp"
"Grüner Weg";"8 - 26";"51469";"Heidkamp"
"Grüner Weg";"11 - 17";"51469";"Heidkamp"
"Gudrunweg";"1 - 5";"51469";"Gronau"
"Gudrunweg";"2 - 14";"51469";"Gronau"
"Gudrunweg";"5 - 9";"51469";"Gronau"
"Gustav-Stresemann-Straße";"1 - 27";"51469";"Hand"
"Gustav-Stresemann-Straße";"2 - 38";"51469";"Hand"
"Gut Asselborn";"1 - 1";"51429";"Asselborn"
"Gutenbergstraße";"1 - 29";"51469";"Hand"
"Gutenbergstraße";"2 - 16";"51469";"Hand"
"Haberlandstraße";"1 - 15";"51467";"Schildgen"
"Haberlandstraße";"2 - 10";"51467";"Schildgen"
"Habichtweg";"1 - 41";"51429";"Moitzfeld"
"Habichtweg";"2 - 2";"51429";"Moitzfeld"
"Habichtweg";"6 - 36";"51429";"Moitzfeld"
"Hackberg";"1 - 33";"51429";"Bensberg"
"Hackberg";"2 - 14";"51429";"Bensberg"
"Hackberg";"16 - 30";"51429";"Bensberg"
"Haferbusch";"1 - 91";"51467";"Hebborn"
"Haferbusch";"4 - 8";"51467";"Hebborn"
"Haferbusch";"10 - 26";"51467";"Hebborn"
"Haferbusch";"28 - 76";"51467";"Hebborn"
"Halbenmorgen";"2 - 10";"51427";"Alt-Refrath"
"Halbenmorgen";"5 - 5";"51427";"Alt-Refrath"
"Halbenmorgen";"12 - 20";"51427";"Alt-Refrath"
"Halbenmorgen";"13 - 29";"51427";"Alt-Refrath"
"Halbenmorgen";"24 - 82";"51427";"Alt-Refrath"
"Halbenmorgen";"31 - 41";"51427";"Alt-Refrath"
"Halbenmorgen";"43 - 43";"51427";"Alt-Refrath"
"Halfen Dombach";"1 - 2";"51465";"Sand"
"Hammermühle";"1 - 5";"51465";"Stadtmitte"
"Händelstraße";"1 - 29";"51427";"Frankenforst"
"Händelstraße";"2 - 46";"51427";"Frankenforst"
"Handstraße";"41 - 49";"51469";"Hand"
"Handstraße";"63 - 89";"51469";"Hand"
"Handstraße";"105 - 131";"51469";"Hand"
"Handstraße";"133 - 175";"51469";"Hand"
"Handstraße";"281 - 287";"51469";"Paffrath"
"Handstraße";"290 - 308";"51469";"Paffrath"
"Handstraße";"295 - 295";"51469";"Paffrath"
"Handstraße";"309 - 325";"51469";"Paffrath"
"Handstraße";"310 - 316";"51469";"Paffrath"
"Handstraße";"318 - 340";"51469";"Paffrath"
"Handwerkshof";"2 - 14";"51469";"Heidkamp"
"Handwerkshof";"3 - 5";"51469";"Heidkamp"
"Handwerkshof";"9 - 9";"51469";"Heidkamp"
"Hannenbusch";"Handwerkshof 2 - 14";"51469";"Heidkamp"
"Hannenbusch";"Handwerkshof 3 - 5";"51469";"Heidkamp"
"Hannenbusch";"Handwerkshof 9 - 9";"51469";"Heidkamp"
"Hans-Böckler-Straße";"1 - 3";"51429";"Lückerath"
"Hans-Böckler-Straße";"2 - 28";"51429";"Lückerath"
"Hans-Böckler-Straße";"3 - 21";"51429";"Lückerath"
"Hans-Böckler-Straße";"30 - 56";"51429";"Lückerath"
"Hans-Zanders-Straße";"2 - 26";"51465";"Stadtmitte"
"Hans-Zanders-Straße";"9 - 9";"51465";"Stadtmitte"
"Hänsel-und-Gretel-Weg";"1 - 7";"51469";"Heidkamp"
"Hänsel-und-Gretel-Weg";"2 - 6";"51469";"Heidkamp"
"Hardt";"3 - 31";"51429";"Herkenrath"
"Hardt";"12 - 20";"51429";"Herkenrath"
"Hardt";"26 - 44";"51429";"Herkenrath"
"Hardtblick";"1 - 15";"51429";"Bensberg"
"Hardtblick";"2 - 8";"51429";"Bensberg"
"Hardtknippen";"1 - 1";"51429";"Herkenrath"
"Hardtweg";"1 - 11";"51429";"Bensberg"
"Hardtweg";"4 - 14";"51429";"Bensberg"
"Hardtweg";"13 - 21";"51429";"Bensberg"
"Hardtweg";"18 - 32";"51429";"Bensberg"
"Hardtweg";"25 - 29";"51429";"Bensberg"
"Hardtweg";"38 - 44";"51429";"Bensberg"
"Hasenweg";"1 - 3";"51427";"Frankenforst"
"Hasenweg";"2 - 34";"51427";"Frankenforst"
"Hasenweg";"5 - 11";"51427";"Frankenforst"
"Hasenweg";"13 - 17";"51427";"Frankenforst"
"Hasenweg";"19 - 25";"51427";"Frankenforst"
"Hasselsheide";"1 - 57";"51429";"Bärbroich"
"Hasselsheide";"30 - 58";"51429";"Bärbroich"
"Hasselsheider Weg";"1 - 11";"51429";"Bärbroich"
"Hasselsheider Weg";"2 - 6";"51429";"Bärbroich"
"Hasselsheider Weg";"35 - 39";"51429";"Bärbroich"
"Hasselstraße";"1 - 12";"51427";"Refrath"
"Hasselstraße";"13 - 23";"51427";"Refrath"
"Hauptstraße";"2 - 6";"51465";"Stadtmitte"
"Hauptstraße";"38 - 106";"51465";"Stadtmitte"
"Hauptstraße";"202 - 250";"51465";"Stadtmitte"
"Hauptstraße";"205 - 269";"51465";"Stadtmitte"
"Hauptstraße";"256 - 302";"51465";"Stadtmitte"
"Hauptstraße";"273 - 319";"51465";"Stadtmitte"
"Hauptstraße";"306 - 316";"51465";"Stadtmitte"
"Hauptstraße";"318 - 360";"51465";"Stadtmitte"
"Hauptstraße";"325 - 393";"51465";"Stadtmitte"
"Hauptstraße";"362 - 394";"51465";"Stadtmitte"
"Haus Hebborn";"1 - 2";"51467";"Hebborn"
"Haus Lerbach";"1 - 11";"51465";"Sand"
"Häuser Dombach";"1 - 3";"51465";"Sand"
"Häuser Dombach";"2 - 8";"51465";"Sand"
"Häuser Dombach";"19 - 41";"51465";"Sand"
"Häuser Dombach";"28 - 32";"51465";"Sand"
"Häuser Dombach";"44 - 54";"51465";"Sand"
"Haydnstraße";"1 - 21";"51467";"Schildgen"
"Haydnstraße";"2 - 20";"51467";"Schildgen"
"Hebbelstraße";"1 - 3";"51429";"Herkenrath"
"Hebbelstraße";"4 - 4";"51429";"Herkenrath"
"Hebborner Berg";"3 - 21";"51467";"Hebborn"
"Hebborner Berg";"4 - 46";"51467";"Hebborn"
"Hebborner Berg";"23 - 63";"51467";"Hebborn"
"Hebborner Feld";"2 - 30";"51467";"Hebborn"
"Hebborner Feld";"3 - 3";"51467";"Hebborn"
"Hebborner Feld";"9 - 43";"51467";"Hebborn"
"Hebborner Feld";"32 - 68";"51467";"Hebborn"
"Hebborner Hof";"1 - 2";"51467";"Hebborn"
"Hebborner Kirchweg";"1 - 23";"51467";"Hebborn"
"Hebborner Kirchweg";"2 - 16";"51467";"Hebborn"
"Hebborner Straße";"89 - 97";"51467";"Hebborn"
"Hebborner Straße";"90 - 100";"51467";"Hebborn"
"Hebborner Straße";"104 - 106";"51467";"Hebborn"
"Hebborner Straße";"107 - 127";"51467";"Hebborn"
"Hebborner Straße";"118 - 144";"51467";"Hebborn"
"Hebborner Straße";"129 - 149";"51467";"Hebborn"
"Hebborner Straße";"146 - 176";"51467";"Hebborn"
"Hebborner Straße";"155 - 163";"51467";"Hebborn"
"Hecken";"1 - 25";"51429";"Herkenrath"
"Hecken";"4 - 6";"51429";"Herkenrath"
"Hecken";"10 - 28";"51429";"Herkenrath"
"Heideweg";"1 - 19";"51469";"Hand"
"Heideweg";"2 - 22";"51469";"Hand"
"Heidgen";"1 - 25";"51467";"Katterbach"
"Heidgen";"2 - 28";"51467";"Katterbach"
"Heidkamper Straße";"4 - 10";"51469";"Heidkamp"
"Heidkamper Straße";"5 - 5";"51469";"Heidkamp"
"Heidkamper Straße";"12 - 16";"51469";"Heidkamp"
"Heidkamper Straße";"18 - 60";"51469";"Heidkamp"
"Heidkamper Straße";"35 - 49";"51469";"Heidkamp"
"Heidkamper Straße";"51 - 55";"51469";"Heidkamp"
"Heidplätzchen";"1 - 13";"51429";"Bensberg"
"Heiligenstock";"1 - 1";"51465";"Sand"
"Heiligenstock";"4 - 24";"51465";"Sand"
"Heiligenstock";"29 - 41";"51465";"Sand"
"Heiligenstock";"32 - 62";"51465";"Sand"
"Heiligenstock";"51 - 87";"51465";"Sand"
"Heimstättenweg";"19 - 25";"51469";"Hand"
"Heimstättenweg";"20 - 42";"51469";"Hand"
"Heimstättenweg";"27 - 47";"51469";"Hand"
"Heimstättenweg";"44 - 46";"51469";"Hand"
"Heinestraße";"1 - 1";"51429";"Herkenrath"
"Heinestraße";"2 - 24";"51429";"Herkenrath"
"Heinestraße";"3 - 7";"51429";"Herkenrath"
"Heinrich-Böll-Straße";"3 - 25";"51429";"Herkenrath"
"Heinrich-Böll-Straße";"4 - 44";"51429";"Herkenrath"
"Heinrich-Klerx-Straße";"3 - 29";"51469";"Heidkamp"
"Heinrich-Klerx-Straße";"4 - 34";"51469";"Heidkamp"
"Heinrich-Klerx-Straße";"36 - 46";"51469";"Heidkamp"
"Heinrich-Strünker-Straße";"Hausnummer 1 geprüft";"51469";"Google Maps: Bergisch Gladbach-Mülheim"
"Heinz-Fröling-Straße";"7 - 17";"51429";"Moitzfeld"
"Heinz-Fröling-Straße";"12 - 12";"51429";"Moitzfeld"
"Heinz-Fröling-Straße";"999 - 999";"51429";"Moitzfeld"
"Heitberg";"2 - 8";"51427";"Alt-Refrath"
"Heitberg";"3 - 3";"51427";"Alt-Refrath"
"Heitberg";"7 - 9";"51427";"Alt-Refrath"
"Helene-Stöcker-Straße";"1 - 23";"51429";"Lückerath"
"Helene-Stöcker-Straße";"2 - 26";"51429";"Lückerath"
"Henri-Dunant-Straße";"3 - 3";"51429";"Kaule"
"Henri-Dunant-Straße";"4 - 26";"51429";"Kaule"
"Henri-Dunant-Straße";"5 - 27";"51429";"Kaule"
"Herderstraße";"1 - 23";"51427";"Refrath"
"Herderstraße";"6 - 22";"51427";"Refrath"
"Herkenfelder Weg";"15 - 141";"51467";"Katterbach"
"Herkenfelder Weg";"74 - 80";"51467";"Katterbach"
"Herkenfelder Weg";"140 - 150";"51467";"Katterbach"
"Herkenfelder Weg";"143 - 149";"51467";"Katterbach"
"Herkenrather Straße";"1 - 17";"51465";"Sand"
"Herkenrather Straße";"6 - 78";"51465";"Sand"
"Herkenrather Straße";"43 - 99";"51465";"Sand"
"Herkenrather Straße";"100 - 102";"51465";"Sand"
"Herkenrather Straße";"201 - 201";"51465";"Sand"
"Herkenrather Straße";"221 - 241";"51465";"Herrenstrunden"
"Herkenrather Straße";"240 - 240";"51465";"Herrenstrunden"
"Herkenrather Straße";"243 - 253";"51465";"Herrenstrunden"
"Herlen";"1 - 2";"51429";"Bärbroich"
"Hermann-Josef-Hecker-Str.";"2 - 10";"51429";"Bensberg"
"Hermann-Löns-Straße";"1 - 29";"51469";"Hand"
"Hermann-Löns-Straße";"2 - 22";"51469";"Hand"
"Hermann-Löns-Straße";"24 - 30";"51469";"Hand"
"Hermann-Löns-Straße";"31 - 35";"51469";"Hand"
"Hermann-Löns-Straße";"32 - 58";"51469";"Hand"
"Hermann-Löns-Straße";"37 - 43";"51469";"Hand"
"Hermann-Löns-Straße";"45 - 49";"51469";"Hand"
"Hermann-Löns-Straße";"55 - 85";"51469";"Hand"
"Hermann-Löns-Straße";"60 - 72";"51469";"Gronau"
"Hermann-Löns-Straße";"74 - 116";"51469";"Gronau"
"Herrenstrunden";"1 - 19";"51465";"Herrenstrunden"
"Herrenstrunden";"2 - 24";"51465";"Herrenstrunden"
"Herrenstrunden";"23 - 27";"51465";"Herrenstrunden"
"Herrenstrunden";"26 - 46";"51465";"Herrenstrunden"
"Herrenstrunden";"31 - 41";"51465";"Herrenstrunden"
"Herweg";"8 - 18";"51429";"Moitzfeld"
"Herweg";"19 - 23";"51429";"Moitzfeld"
"Herweg";"30 - 102";"51429";"Moitzfeld"
"Herweg";"35 - 75";"51429";"Moitzfeld"
"Herweg";"83 - 97";"51429";"Moitzfeld"
"Hessestraße";"1 - 9";"51429";"Herkenrath"
"Hessestraße";"2 - 8";"51429";"Herkenrath"
"Heuweg";"1 - 7";"51427";"Lustheide"
"Hexenweg";"1 - 6";"51469";"Heidkamp"
"Hexenweg";"7 - 15";"51469";"Heidkamp"
"Hexenweg";"8 - 18";"51469";"Heidkamp"
"Hindenburgplatz";"1 - 1";"51429";"Bensberg"
"Hirschanger";"2 - 16";"51427";"Alt-Refrath"
"Hirschanger";"7 - 13";"51427";"Alt-Refrath"
"Hirschanger";"20 - 30";"51427";"Alt-Refrath"
"Hoffeldstraße";"1 - 17";"51469";"Gronau"
"Hoffeldstraße";"2 - 18";"51469";"Gronau"
"Höffenstraße";"4 - 48";"51469";"Paffrath"
"Höffenstraße";"5 - 39";"51469";"Paffrath"
"Höffenstraße";"50 - 64";"51469";"Paffrath"
"Hofwiese";"2 - 12";"51429";"Lückerath"
"Hofwiese";"3 - 19";"51429";"Lückerath"
"Höhenweg";"4 - 8";"51465";"Stadtmitte"
"Höhenweg";"5 - 19";"51465";"Stadtmitte"
"Höhenweg";"10 - 16";"51465";"Stadtmitte"
"Höhenweg";"22 - 32";"51465";"Stadtmitte"
"Höhenweg";"25 - 41";"51465";"Stadtmitte"
"Holunderweg";"2 - 14";"51427";"Alt-Refrath"
"Holunderweg";"5 - 19";"51427";"Alt-Refrath"
"Hombacher Weg";"2 - 2";"51429";"Herkenrath"
"Hombacher Weg";"24 - 28";"51429";"Herrenstrunden"
"Hoppersheider Busch";"2 - 28";"51467";"Schildgen"
"Hoppersheider Busch";"5 - 27";"51467";"Schildgen"
"Hoppersheider Busch";"30 - 36";"51467";"Schildgen"
"Hoppersheider Weg";"1 - 21";"51467";"Katterbach"
"Hoppersheider Weg";"2 - 2";"51467";"Katterbach"
"Hoppersheider Weg";"20 - 34";"51467";"Katterbach"
"Hoppersheider Weg";"23 - 41";"51467";"Katterbach"
"Hoppersheider Weg";"36 - 56";"51467";"Schildgen"
"Hoppersheider Weg";"41 - 47";"51467";"Schildgen"
"Hoppersheider Weg";"53 - 59";"51467";"Schildgen"
"Hoppersheider Weg";"59 - 61";"51467";"Schildgen"
"Hoppersheider Weg";"60 - 60";"51467";"Schildgen"
"Hoppersheider Weg";"62 - 70";"51467";"Schildgen"
"Hornstraße";"2 - 52";"51465";"Stadtmitte"
"Hornstraße";"3 - 11";"51465";"Stadtmitte"
"Hornstraße";"13 - 31";"51465";"Stadtmitte"
"Hornstraße";"33 - 111";"51465";"Stadtmitte"
"Hornstraße";"54 - 136";"51465";"Stadtmitte"
"Hornstraße";"115 - 147";"51465";"Stadtmitte"
"Hornstraße";"138 - 142";"51465";"Stadtmitte"
"Hornstraße";"151 - 163";"51465";"Stadtmitte"
"Horst";"1 - 19";"51429";"Herkenrath"
"Horst";"18 - 20";"51429";"Herkenrath"
"Hoverhof";"1 - 3";"51467";"Schildgen"
"Hubertushöhe";"1 - 9";"51429";"Bockenberg"
"Hubertushöhe";"2 - 8";"51429";"Bockenberg"
"Hubertusstraße";"1 - 35";"51465";"Stadtmitte"
"Hubertusstraße";"2 - 38";"51465";"Stadtmitte"
"Hufe";"1 - 1";"51467";"Katterbach"
"Hufer Weg";"4 - 10";"51469";"Paffrath"
"Hufer Weg";"5 - 51";"51469";"Paffrath"
"Hufer Weg";"16 - 42";"51469";"Paffrath"
"Hufer Weg";"53 - 109";"51467";"Katterbach"
"Hufer Weg";"66 - 66";"51467";"Katterbach"
"Hufer Weg";"111 - 121";"51467";"Katterbach"
"Hülsenanger";"1 - 9";"51467";"Katterbach"
"Hülsenanger";"2 - 8";"51467";"Katterbach"
"Hülsenfeld";"1 - 1";"51429";"Herkenrath"
"Hummelsbroich";"2 - 54";"51427";"Frankenforst"
"Humperdinckstraße";"2 - 8";"51467";"Schildgen"
"Humperdinckstraße";"3 - 9";"51467";"Schildgen"
"Humperdinckstraße";"10 - 32";"51467";"Schildgen"
"Hundsiefen";"5 - 11";"51429";"Bensberg"
"Hungenberg";"1 - 29";"51429";"Bensberg"
"Hungenberg";"2 - 40";"51429";"Bensberg"
"Hüttenfeld";"1 - 7";"51427";"Refrath"
"Hüttenfeld";"6 - 14";"51427";"Refrath"
"Hüttenfeld";"9 - 19";"51427";"Refrath"
"Hüttenfeld";"18 - 34";"51427";"Refrath"
"Hüttenfeld";"19 - 31";"51427";"Refrath"
"Hüttenstraße";"6 - 16";"51469";"Heidkamp"
"Hüttenstraße";"9 - 25";"51469";"Heidkamp"
"Hüttenstraße";"24 - 40";"51469";"Heidkamp"
"Hüttenstraße";"35 - 47";"51469";"Heidkamp"
"Hüttenstraße";"49 - 65";"51469";"Heidkamp"
"Iddelsfeld";"1 - 9";"51427";"Refrath"
"Iddelsfeld";"2 - 4";"51427";"Refrath"
"Igeler Hof";"1 - 4";"51465";"Herrenstrunden"
"Igeler Mühle";"1 - 3";"51465";"Herrenstrunden"
"Im Aehlemaar";"1 - 25";"51467";"Schildgen"
"Im Aehlemaar";"6 - 32";"51467";"Schildgen"
"Im Alten Feld";"1 - 27";"51429";"Kaule"
"Im Alten Feld";"2 - 16";"51429";"Kaule"
"Im Alten Feld";"20 - 30";"51429";"Kaule"
"Im Aspert";"1 - 47";"51465";"Stadtmitte"
"Im Aspert";"2 - 34";"51465";"Stadtmitte"
"Im Birkelshof";"1 - 9";"51467";"Schildgen"
"Im Birkelshof";"2 - 8";"51467";"Schildgen"
"Im Bruch";"2 - 4";"51427";"Refrath"
"Im Bruch";"3 - 3";"51427";"Refrath"
"Im Bruch";"5 - 7";"51427";"Refrath"
"Im Bruch";"6 - 14";"51427";"Refrath"
"Im Bruch";"7 - 21";"51427";"Refrath"
"Im Bruch";"16 - 20";"51427";"Refrath"
"Im Bruch";"23 - 35";"51427";"Refrath"
"Im Bruch";"24 - 24";"51427";"Refrath"
"Im Buchholz";"1 - 33";"51469";"Paffrath"
"Im Buchholz";"2 - 8";"51469";"Paffrath"
"Im Bungert";"1 - 5";"51429";"Bensberg"
"Im Bungert";"2 - 8";"51429";"Bensberg"
"Im Bungert";"11 - 11";"51429";"Bensberg"
"Im Dornbusch";"1 - 7";"51429";"Moitzfeld"
"Im Dornbusch";"2 - 8";"51429";"Moitzfeld"
"Im Drosselhain";"1 - 21";"51467";"Hebborn"
"Im Drosselhain";"2 - 14";"51467";"Hebborn"
"Im Drosselhain";"16 - 16";"51467";"Hebborn"
"Im Eichhölzchen";"1 - 10";"51469";"Paffrath"
"Im Erlenhof";"1 - 7";"51429";"Moitzfeld"
"Im Erlenhof";"2 - 16";"51429";"Moitzfeld"
"Im Feld";"1 - 15";"51427";"Refrath"
"Im Feld";"2 - 6";"51427";"Refrath"
"Im Feld";"8 - 20";"51427";"Refrath"
"Im Feld";"21 - 55";"51427";"Refrath"
"Im Feld";"30 - 38";"51427";"Refrath"
"Im Feld";"44 - 56";"51427";"Refrath"
"Im Finkenschlag";"1 - 15";"51429";"Moitzfeld"
"Im Finkenschlag";"2 - 4";"51429";"Moitzfeld"
"Im Finkenschlag";"12 - 24";"51429";"Moitzfeld"
"Im Finkenschlag";"25 - 41";"51429";"Moitzfeld"
"Im Finkenschlag";"26 - 32";"51429";"Moitzfeld"
"Im Fronhof";"1 - 21";"51429";"Herkenrath"
"Im Fronhof";"10 - 20";"51429";"Herkenrath"
"Im Fronhof";"22 - 32";"51429";"Herkenrath"
"Im Fronhof";"33 - 35";"51429";"Herkenrath"
"Im Fronhof";"43 - 43";"51429";"Herkenrath"
"Im Grafeld";"9 - 35";"51469";"Hand"
"Im Grafeld";"18 - 36";"51469";"Hand"
"Im Grunde";"1 - 9";"51427";"Refrath"
"Im Grunde";"2 - 16";"51427";"Refrath"
"Im Haferkamp";"1 - 23";"51427";"Lustheide"
"Im Haferkamp";"2 - 12";"51427";"Lustheide"
"Im Hag";"1 - 11";"51427";"Lustheide"
"Im Hag";"2 - 18";"51427";"Lustheide"
"Im Hain";"Im Hag 1 - 11";"51427";"Lustheide"
"Im Hain";"Im Hag 2 - 18";"51427";"Lustheide"
"Im Hilgersfeld";"1 - 15";"51427";"Lustheide"
"Im Hilgersfeld";"4 - 56";"51427";"Lustheide"
"Im Hilgersfeld";"19 - 23";"51427";"Lustheide"
"Im Hilgersfeld";"25 - 29";"51427";"Lustheide"
"Im Hilgersfeld";"33 - 37";"51427";"Lustheide"
"Im Hilgersfeld";"43 - 49";"51427";"Lustheide"
"Im Hilgersfeld";"51 - 59";"51427";"Lustheide"
"Im Hilgersfeld";"58 - 122";"51427";"Lustheide"
"Im Hilgersfeld";"61 - 65";"51427";"Lustheide"
"Im Höffgen";"1 - 1";"51427";"Refrath"
"Im Höffgen";"3 - 5";"51427";"Refrath"
"Im Holz";"1 - 47";"51427";"Refrath"
"Im Holz";"2 - 40";"51427";"Refrath"
"Im Holz";"44 - 46";"51427";"Refrath"
"Im Hoppenkamp";"1 - 5";"51429";"Bensberg"
"Im Hoppenkamp";"2 - 8";"51429";"Bensberg"
"Im Hörnchen";"2 - 12";"51429";"Moitzfeld"
"Im Kleefeld";"1 - 9";"51467";"Hebborn"
"Im Kleefeld";"2 - 58";"51467";"Hebborn"
"Im Kleefeld";"19 - 23";"51467";"Hebborn"
"Im Krähenwinkel";"1 - 9";"51429";"Kaule"
"Im Krähenwinkel";"2 - 4";"51429";"Kaule"
"Im Lehmstich";"1 - 5";"51465";"Stadtmitte"
"Im Lehmstich";"4 - 18";"51465";"Stadtmitte"
"Im Lerchenfeld";"1 - 9";"51429";"Moitzfeld"
"Im Lerchenfeld";"2 - 22";"51429";"Moitzfeld"
"Im Lerchenfeld";"13 - 33";"51429";"Moitzfeld"
"Im Letsch";"1 - 3";"51427";"Refrath"
"Im Letsch";"2 - 10";"51427";"Refrath"
"Im Letsch";"9 - 31";"51427";"Refrath"
"Im Letsch";"12 - 30";"51427";"Refrath"
"Im Luchsfeld";"1 - 27";"51429";"Lückerath"
"Im Luchsfeld";"2 - 18";"51429";"Lückerath"
"Im Luchsfeld";"20 - 44";"51429";"Lückerath"
"Im Luchsfeld";"31 - 53";"51429";"Lückerath"
"Im Luchsfeld";"46 - 66";"51429";"Lückerath"
"Im Lüh";"1 - 25";"51427";"Refrath"
"Im Lüh";"4 - 14";"51427";"Refrath"
"Im Merzfeld";"1 - 15";"51467";"Katterbach"
"Im Merzfeld";"2 - 22";"51467";"Katterbach"
"Im Merzfeld";"23 - 31";"51467";"Katterbach"
"Im Mondsröttchen";"3 - 77";"51429";"Kaule"
"Im Mondsröttchen";"6 - 62";"51429";"Kaule"
"Im Neuen Feld";"3 - 101";"51467";"Katterbach"
"Im Neuen Feld";"4 - 36";"51467";"Katterbach"
"Im Odinshof";"1 - 19";"51467";"Schildgen"
"Im Odinshof";"4 - 24";"51467";"Schildgen"
"Im Plackenbruch";"1 - 45";"51467";"Katterbach"
"Im Plackenbruch";"2 - 30";"51467";"Katterbach"
"Im Scheidt";"1 - 37";"51429";"Moitzfeld"
"Im Scheidt";"2 - 8";"51429";"Moitzfeld"
"Im Scheurenfeld";"1 - 13";"51467";"Katterbach"
"Im Scheurenfeld";"2 - 18";"51467";"Katterbach"
"Im Schlag";"1 - 11";"51427";"Refrath"
"Im Schlag";"2 - 18";"51427";"Refrath"
"Im Schlangenhöfchen";"1 - 11";"51427";"Frankenforst"
"Im Schlangenhöfchen";"2 - 28";"51427";"Frankenforst"
"Im Schlangenhöfchen";"13 - 15";"51427";"Frankenforst"
"Im Schlangenhöfchen";"17 - 19";"51427";"Frankenforst"
"Im Schlangenhöfchen";"21 - 29";"51427";"Frankenforst"
"Im Schlangenhöfchen";"30 - 38";"51427";"Frankenforst"
"Im Schloßpark";"1 - 23";"51429";"Bensberg"
"Im Schönen Feld";"1 - 11";"51467";"Katterbach"
"Im Schönen Feld";"2 - 10";"51467";"Katterbach"
"Im Vogelsang";"1 - 25";"51427";"Frankenforst"
"Im Vogelsang";"2 - 20";"51427";"Frankenforst"
"Im Vogelsang";"30 - 32";"51427";"Refrath"
"Im Waldwinkel";"2 - 116";"51467";"Katterbach"
"Im Waldwinkel";"3 - 119";"51467";"Katterbach"
"Im Weidenbusch";"1 - 1";"51467";"Nußbaum"
"Im Wiedenhof";"1 - 13";"51429";"Herkenrath"
"Im Wiedenhof";"8 - 8";"51429";"Herkenrath"
"Im Wiedenhof";"12 - 14";"51429";"Herkenrath"
"Im Wiesenfeld";"1 - 17";"51469";"Gronau"
"Im Wiesenfeld";"14 - 20";"51469";"Gronau"
"Imbuschstraße";"3 - 7";"51429";"Lückerath"
"Immanuel-Kant-Straße";"1 - 1";"51427";"Refrath"
"Immanuel-Kant-Straße";"2 - 8";"51427";"Refrath"
"Immanuel-Kant-Straße";"3 - 9";"51427";"Refrath"
"Immanuel-Kant-Straße";"10 - 24";"51427";"Refrath"
"Immanuel-Kant-Straße";"11 - 17";"51427";"Refrath"
"Immanuel-Kant-Straße";"19 - 23";"51427";"Refrath"
"Immanuel-Kant-Straße";"26 - 40";"51427";"Refrath"
"Immanuel-Kant-Straße";"42 - 54";"51427";"Refrath"
"Immenzaun";"3 - 9";"51429";"Kaule"
"Immenzaun";"4 - 10";"51429";"Kaule"
"In den Stämmen";"1 - 19";"51467";"Hebborn"
"In den Stämmen";"2 - 8";"51467";"Hebborn"
"In den Wiesen";"1 - 65";"51467";"Schildgen"
"In den Wiesen";"2 - 52";"51467";"Schildgen"
"In der Auen";"34 - 52";"51427";"Refrath"
"In der Auen";"41 - 45";"51427";"Refrath"
"In der Auen";"49 - 55";"51427";"Refrath"
"In der Auen";"56 - 56";"51427";"Refrath"
"In der Auen";"59 - 65";"51427";"Refrath"
"In der Auen";"62 - 70";"51427";"Refrath"
"In der Auen";"67 - 69";"51427";"Refrath"
"In der Auen";"72 - 76";"51427";"Refrath"
"In der Auen";"78 - 80";"51427";"Refrath"
"In der Auen";"86 - 110";"51427";"Refrath"
"In der Broicher Aue";"1 - 11";"51467";"Schildgen"
"In der Broicher Aue";"2 - 8";"51467";"Schildgen"
"In der Heilen";"2 - 12";"51429";"Herkenrath"
"In der Heilen";"3 - 15";"51429";"Herkenrath"
"In der Krabb";"1 - 11";"51469";"Hand"
"In der Krabb";"2 - 20";"51469";"Hand"
"In der Kümp";"2 - 54";"51465";"Stadtmitte"
"In der Kümp";"5 - 5";"51465";"Stadtmitte"
"In der Kümp";"39 - 39";"51465";"Stadtmitte"
"In der Mühlenwiese";"1 - 11";"51465";"Herrenstrunden"
"In der Mühlenwiese";"10 - 10";"51465";"Herrenstrunden"
"In der Norr";"1 - 3";"51429";"Moitzfeld"
"In der Schlade";"2 - 28";"51467";"Hebborn"
"In der Schlade";"17 - 47";"51467";"Hebborn"
"In der Schlade";"115 - 119";"51467";"Romaney"
"In der Schlade";"137 - 141";"51467";"Romaney"
"In der Taufe";"1 - 5";"51427";"Refrath"
"In der Taufe";"2 - 6";"51427";"Refrath"
"In der Taufe";"7 - 13";"51427";"Refrath"
"In der Taufe";"29 - 53";"51427";"Refrath"
"In der Taufe";"32 - 32";"51427";"Refrath"
"In der Taufe";"36 - 40";"51427";"Refrath"
"Industrieweg";"In der Taufe 1 - 5";"51427";"Refrath"
"Industrieweg";"In der Taufe 2 - 6";"51427";"Refrath"
"Industrieweg";"In der Taufe 7 - 13";"51427";"Refrath"
"Industrieweg";"In der Taufe 29 - 53";"51427";"Refrath"
"Industrieweg";"In der Taufe 32 - 32";"51427";"Refrath"
"Industrieweg";"In der Taufe 36 - 40";"51427";"Refrath"
"Irlenfelder Hof";"1 - 1";"51467";"Stadtmitte"
"Irlenfelder Kamm";"2 - 22";"51467";"Romaney"
"Irlenfelder Weg";"2 - 52";"51467";"Hebborn"
"Irlenfelder Weg";"3 - 19";"51467";"Hebborn"
"Irlenfelder Weg";"23 - 57";"51467";"Hebborn"
"Irlenfelder Weg";"100 - 106";"51467";"Stadtmitte"
"Isbornweg";"1 - 5";"51467";"Schildgen"
"Isbornweg";"2 - 6";"51467";"Schildgen"
"Jägerhof";"1 - 43";"51467";"Hebborn"
"Jägerhof";"2 - 30";"51467";"Hebborn"
"Jägerstraße";"5 - 87";"51467";"Hebborn"
"Jägerstraße";"6 - 124";"51467";"Hebborn"
"Jägerstraße";"89 - 151";"51467";"Hebborn"
"Jägerstraße";"130 - 138";"51467";"Hebborn"
"Jahnstraße";"3 - 8";"51427";"Kippekausen"
"Jahnstraße";"9 - 12";"51427";"Kippekausen"
"Jakob-Busch-Straße";"1 - 23";"51429";"Lückerath"
"Jakob-Busch-Straße";"2 - 16";"51429";"Lückerath"
"Jakob-Euler-Straße";"1 - 25";"51429";"Lückerath"
"Jakob-Euler-Straße";"2 - 38";"51429";"Lückerath"
"Jakob-Euler-Straße";"27 - 43";"51429";"Lückerath"
"Jakob-Euler-Straße";"40 - 46";"51429";"Lückerath"
"Jakob-Euler-Straße";"46 - 52";"51429";"Lückerath"
"Jakob-Kirch-Straße";"1 - 13";"51465";"Stadtmitte"
"Jakob-Kirch-Straße";"2 - 18";"51465";"Stadtmitte"
"Jakobstraße";"10 - 10";"51465";"Stadtmitte"
"Jakobstraße";"57 - 117";"51465";"Stadtmitte"
"Jan-Wellem-Straße";"6 - 13";"51429";"Bensberg"
"Jan-Wellem-Straße";"15 - 22";"51429";"Bensberg"
"Johann-Bendel-Straße";"1 - 39";"51429";"Bensberg"
"Johann-Bendel-Straße";"2 - 16";"51429";"Bensberg"
"Johann-Bendel-Straße";"16 - 34";"51429";"Bensberg"
"Johann-Burum-Straße";"4 - 48";"51429";"Bärbroich"
"Johann-Burum-Straße";"5 - 23";"51429";"Bärbroich"
"Johann-Wilhelm-Lindlar-S.";"1 - 9";"51465";"Stadtmitte"
"Johann-Wilhelm-Lindlar-S.";"4 - 10";"51465";"Stadtmitte"
"Johann-Wilhelm-Lindlar-S.";"14 - 14";"51465";"Stadtmitte"
"Johann-Wilhelm-Lindlar-S.";"17 - 17";"51465";"Stadtmitte"
"Johannesstraße";"2 - 26";"51465";"Stadtmitte"
"Johannesstraße";"5 - 39";"51465";"Stadtmitte"
"Johannesstraße";"51 - 107";"51465";"Hebborn"
"Johannesstraße";"52 - 136";"51465";"Hebborn"
"Johanniterstraße";"1 - 19";"51429";"Herkenrath"
"Johanniterstraße";"2 - 22";"51429";"Herkenrath"
"Josef-Roemer-Straße";"1 - 73";"51469";"Paffrath"
"Josef-Roemer-Straße";"2 - 64";"51469";"Paffrath"
"Juck";"1 - 43";"51429";"Moitzfeld"
"Juck";"2 - 42";"51429";"Moitzfeld"
"Juckerberg";"1 - 3";"51429";"Bärbroich"
"Juckerberg";"5 - 7";"51429";"Bärbroich"
"Julius-Leber-Straße";"1 - 7";"51427";"Kippekausen"
"Julius-Leber-Straße";"2 - 8";"51427";"Kippekausen"
"Junkersgut";"3 - 15";"51427";"Alt-Refrath"
"Junkersgut";"4 - 14";"51427";"Alt-Refrath"
"Kadettenstraße";"1 - 1";"51429";"Bensberg"
"Kadettenstraße";"2 - 2";"51429";"Bensberg"
"Kadettenstraße";"3 - 15";"51429";"Bensberg"
"Kalkstraße";"17 - 47";"51465";"Stadtmitte"
"Kalkstraße";"20 - 20";"51465";"Stadtmitte"
"Kalmüntener Straße";"1 - 5";"51467";"Schildgen"
"Kalmüntener Straße";"6 - 14";"51467";"Schildgen"
"Kalmüntener Straße";"7 - 23";"51467";"Schildgen"
"Kalmüntener Straße";"28 - 28";"51467";"Schildgen"
"Kalmüntener Straße";"32 - 104";"51467";"Schildgen"
"Kalmüntener Straße";"41 - 61";"51467";"Schildgen"
"Kalmüntener Straße";"65 - 89";"51467";"Schildgen"
"Kalmüntener Straße";"91 - 103";"51467";"Schildgen"
"Kaltenbroich";"3 - 61";"51465";"Sand"
"Kaltenbroich";"6 - 24";"51465";"Sand"
"Kamp";"3 - 5";"51469";"Paffrath"
"Kamp";"4 - 12";"51469";"Paffrath"
"Kämperfeld";"1 - 43";"51469";"Paffrath"
"Kämperfeld";"4 - 28";"51469";"Paffrath"
"Kardinal-Schulte-Straße";"1 - 37";"51429";"Bensberg"
"Kardinal-Schulte-Straße";"2 - 2";"51429";"Bensberg"
"Kardinal-Schulte-Straße";"4 - 32";"51429";"Bensberg"
"Karl-Ernst-Rahtgens-Str.";"1 - 33";"51469";"Paffrath"
"Karl-Ernst-Rahtgens-Str.";"2 - 32";"51469";"Paffrath"
"Karl-Giesen-Straße";"1 - 27";"51467";"Schildgen"
"Karl-Giesen-Straße";"34 - 34";"51467";"Schildgen"
"Karl-Giesen-Straße";"40 - 54";"51467";"Schildgen"
"Karl-Philipp-Straße";"1 - 3";"51429";"Lückerath"
"Karl-Philipp-Straße";"2 - 14";"51429";"Lückerath"
"Karl-Philipp-Straße";"16 - 18";"51429";"Lückerath"
"Karl-Schmidt-Weg";"998 - 998";"51465";"Stadtmitte"
"Karl-Theodor-Straße";"1 - 17";"51429";"Lückerath"
"Karl-Theodor-Straße";"2 - 8";"51429";"Lückerath"
"Karl-Theodor-Straße";"19 - 23";"51429";"Lückerath"
"Kastanienallee";"1 - 5";"51427";"Frankenforst"
"Kastanienallee";"4 - 4";"51427";"Frankenforst"
"Kastanienallee";"7 - 13";"51427";"Frankenforst"
"Kastanienallee";"8 - 10";"51427";"Frankenforst"
"Katharina-Fröhlingsdorf-S";"1 - 23";"51429";"Bärbroich"
"Katharina-Fröhlingsdorf-S";"2 - 10";"51429";"Bärbroich"
"Katharina-Güschen-Weg";"1 - 15";"51429";"Kaule"
"Katharina-Güschen-Weg";"6 - 14";"51429";"Kaule"
"Katharinental";"1 - 27";"51467";"Katterbach"
"Katharinental";"2 - 26";"51467";"Katterbach"
"Katterbachstraße";"1 - 11";"51467";"Katterbach"
"Katterbachstraße";"10 - 26";"51467";"Katterbach"
"Katterbachstraße";"17 - 37";"51467";"Katterbach"
"Katterbachstraße";"30 - 98";"51467";"Katterbach"
"Katterbachstraße";"39 - 61";"51467";"Katterbach"
"Katterbachstraße";"65 - 79";"51467";"Katterbach"
"Katterbachstraße";"85 - 99";"51467";"Katterbach"
"Katterbachstraße";"100 - 116";"51467";"Katterbach"
"Katterbachstraße";"122 - 124";"51467";"Katterbach"
"Kauertweg";"1 - 11";"51427";"Refrath"
"Kauertweg";"2 - 8";"51427";"Refrath"
"Kaule";"1 - 29";"51429";"Kaule"
"Kaule";"2 - 24";"51429";"Kaule"
"Kaule";"28 - 48";"51429";"Kaule"
"Kaule";"31 - 49";"51429";"Kaule"
"Kaule";"50 - 60";"51429";"Kaule"
"Kaule";"55 - 55";"51429";"Kaule"
"Kaule";"64 - 76";"51429";"Kaule"
"Kaule";"73 - 89";"51429";"Kaule"
"Kaule";"78 - 88";"51429";"Kaule"
"Kaule";"90 - 94";"51429";"Kaule"
"Kauler Feld";"1 - 17";"51429";"Bärbroich"
"Kauler Feld";"2 - 12";"51429";"Bärbroich"
"Kauler Feld";"38 - 62";"51429";"Bärbroich"
"Kauler Kreuzgasse";"1 - 15";"51429";"Kaule"
"Kauler Kreuzgasse";"2 - 18";"51429";"Kaule"
"Kauler Straße";"1 - 19";"51429";"Bensberg"
"Kauler Straße";"4 - 20";"51429";"Bensberg"
"Kauler Straße";"21 - 39";"51429";"Bensberg"
"Kauler Straße";"36 - 36";"51429";"Bensberg"
"Kauler Straße";"41 - 53";"51429";"Bensberg"
"Keltenweg";"1 - 7";"51467";"Hebborn"
"Keltenweg";"2 - 20";"51467";"Hebborn"
"Kempener Straße";"100 - 136";"51467";"Katterbach"
"Kempener Straße";"138 - 152";"51467";"Katterbach"
"Kempener Straße";"145 - 187";"51467";"Katterbach"
"Kempener Straße";"154 - 174";"51467";"Katterbach"
"Kempener Straße";"189 - 207";"51467";"Katterbach"
"Kempener Straße";"196 - 198";"51467";"Katterbach"
"Kempener Straße";"204 - 206";"51467";"Katterbach"
"Kempener Straße";"212 - 254";"51467";"Katterbach"
"Kempener Straße";"215 - 259";"51467";"Katterbach"
"Kempener Straße";"256 - 258";"51467";"Katterbach"
"Kempershäuschen";"1 - 23";"51427";"Refrath"
"Kempershäuschen";"2 - 2";"51427";"Refrath"
"Kempershäuschen";"4 - 26";"51427";"Refrath"
"Kettnerweg";"1 - 15";"51429";"Lückerath"
"Kettnerweg";"17 - 19";"51429";"Lückerath"
"Kicke";"1 - 11";"51427";"Alt-Refrath"
"Kicke";"6 - 12";"51427";"Alt-Refrath"
"Kicke";"18 - 18";"51427";"Alt-Refrath"
"Kicke";"19 - 19";"51427";"Alt-Refrath"
"Kiebitzstraße";"1 - 1";"51427";"Frankenforst"
"Kiebitzstraße";"2 - 22";"51427";"Frankenforst"
"Kiebitzstraße";"13 - 15";"51427";"Frankenforst"
"Kiefernweg";"1 - 13";"51469";"Heidkamp"
"Kiefernweg";"2 - 14";"51469";"Heidkamp"
"Kiefernweg";"15 - 27";"51469";"Heidkamp"
"Kiefernweg";"16 - 38";"51469";"Heidkamp"
"Kiel";"1 - 12";"51429";"Bärbroich"
"Kieppemühlenweg";"2 - 18";"51427";"Alt-Refrath"
"Kieppemühlenweg";"3 - 13";"51427";"Alt-Refrath"
"Kierdorf";"1 - 15";"51429";"Herkenrath"
"Kierdorf";"2 - 8";"51429";"Herkenrath"
"Kierdorf";"17 - 29";"51429";"Herkenrath"
"Kierdorf";"22 - 28";"51429";"Herkenrath"
"Kierdorfer Feld";"2 - 50";"51429";"Herkenrath"
"Kierdorfer Feld";"7 - 45";"51429";"Herkenrath"
"Kierspelstraße";"3 - 9";"51427";"Refrath"
"Kierspelstraße";"8 - 12";"51427";"Refrath"
"Kippekausen";"1 - 123";"51427";"Kippekausen"
"Kippekausen";"4 - 14";"51427";"Kippekausen"
"Kippekausen";"20 - 22";"51427";"Kippekausen"
"Kippekausen";"24 - 34";"51427";"Kippekausen"
"Kippekausen";"36 - 54";"51427";"Kippekausen"
"Kirchfeld";"1 - 3";"51427";"Alt-Refrath"
"Kirchfeld";"10 - 18";"51427";"Alt-Refrath"
"Kirchgasse";"1 - 15";"51429";"Herkenrath"
"Kirchgasse";"2 - 20";"51429";"Herkenrath"
"Kirchplatz";"2 - 24";"51427";"Refrath"
"Kirchplatz";"3 - 7";"51427";"Refrath"
"Klafterweg";"1 - 3";"51427";"Refrath"
"Klafterweg";"2 - 14";"51427";"Refrath"
"Klausenberg";"1 - 1";"51429";"Bensberg"
"Klausenberg";"2 - 2";"51429";"Bensberg"
"Klausenberg";"3 - 6";"51429";"Bensberg"
"Klausenberg";"7 - 25";"51429";"Bensberg"
"Klausenberg";"8 - 8";"51429";"Bensberg"
"Klausenberg";"16 - 24";"51429";"Bensberg"
"Klein Buchholz";"2 - 2";"51429";"Moitzfeld"
"Klein Hohn";"8 - 22";"51429";"Moitzfeld"
"Klein Hohn";"24 - 68";"51429";"Moitzfeld"
"Kleiststraße";"1 - 7";"51429";"Herkenrath"
"Kleiststraße";"2 - 6";"51429";"Herkenrath"
"Kley";"2 - 4";"51467";"Romaney"
"Kleyer Hof";"1 - 2";"51467";"Romaney"
"Klutstein";"1 - 41";"51467";"Katterbach"
"Klutstein";"2 - 34";"51467";"Katterbach"
"Knoppenbissen";"1 - 1";"51465";"Sand"
"Kochsgut";"1 - 31";"51427";"Alt-Refrath"
"Kochsgut";"2 - 14";"51427";"Alt-Refrath"
"Köhlerweg";"1 - 13";"51427";"Refrath"
"Köhlerweg";"4 - 10";"51427";"Refrath"
"Köhlerweg";"12 - 20";"51427";"Refrath"
"Köhlerweg";"15 - 21";"51427";"Refrath"
"Kölner Straße";"20 - 52";"51429";"Bensberg"
"Kölner Straße";"23 - 35";"51429";"Bensberg"
"Kölner Straße";"39 - 55";"51429";"Bensberg"
"Kölner Straße";"54 - 68";"51429";"Kaule"
"Kölner Straße";"63 - 69";"51429";"Kaule"
"Kölner Straße";"70 - 82";"51429";"Kaule"
"Kölner Straße";"73 - 81";"51429";"Kaule"
"Kölner Straße";"83 - 101";"51429";"Kaule"
"Kölner Straße";"92 - 104";"51429";"Kaule"
"Kölner Straße";"105 - 107";"51429";"Kaule"
"Kolpingstraße";"2 - 8";"51469";"Paffrath"
"Kolpingstraße";"12 - 28";"51469";"Paffrath"
"Kolpingstraße";"30 - 48";"51469";"Paffrath"
"Kolpingstraße";"41 - 75";"51469";"Paffrath"
"Kolpingstraße";"50 - 90";"51469";"Paffrath"
"Königsberger Straße";"1 - 5";"51469";"Hand"
"Königsberger Straße";"2 - 6";"51469";"Hand"
"Königsberger Straße";"7 - 73";"51469";"Hand"
"Königsberger Straße";"8 - 48";"51469";"Hand"
"Konrad-Adenauer-Platz";"1 - 2";"51465";"Stadtmitte"
"Konrad-Adenauer-Platz";"3 - 3";"51465";"Stadtmitte"
"Konrad-Adenauer-Platz";"4 - 7";"51465";"Stadtmitte"
"Konrad-Adenauer-Platz";"8 - 9";"51465";"Stadtmitte"
"Konrad-Adenauer-Platz";"12 - 14";"51465";"Stadtmitte"
"Kopernikusstraße";"2 - 12";"51427";"Refrath"
"Kopernikusstraße";"3 - 13";"51427";"Refrath"
"Kornstraße";"1 - 17";"51427";"Lustheide"
"Kornstraße";"2 - 16";"51427";"Lustheide"
"Kornstraße";"18 - 22";"51427";"Lustheide"
"Kotzfeld";"2 - 4";"51429";"Bärbroich"
"Kradepohlsmühle";"1 - 1";"51469";"Gronau"
"Kradepohlsmühlenweg";"1 - 3";"51469";"Gronau"
"Kradepohlsmühlenweg";"4 - 16";"51469";"Gronau"
"Krebsbachstraße";"1 - 45";"51429";"Moitzfeld"
"Krebsbachstraße";"2 - 20";"51429";"Moitzfeld"
"Krebsweg";"1 - 11";"51427";"Lustheide"
"Krebsweg";"2 - 18";"51427";"Lustheide"
"Krebsweg";"15 - 17";"51427";"Lustheide"
"Kriemhildenpfad";"1 - 17";"51469";"Gronau"
"Kriemhildenpfad";"2 - 16";"51469";"Gronau"
"Kuckelberg";"1 - 2";"51467";"Romaney"
"Kuckelberg";"3 - 7";"51467";"Romaney"
"Kuckucksweg";"1 - 3";"51427";"Refrath"
"Kuckucksweg";"2 - 12";"51427";"Refrath"
"Kuckucksweg";"9 - 13";"51427";"Refrath"
"Külheimer Mühle";"1 - 1";"51429";"Moitzfeld"
"Kümperfeld";"1 - 17";"51467";"Katterbach"
"Kümperfeld";"2 - 20";"51467";"Katterbach"
"Kurt-Schumacher-Straße";"1 - 9";"51427";"Frankenforst"
"Kurt-Schumacher-Straße";"2 - 32";"51427";"Frankenforst"
"Kürtener Straße";"1 - 29";"51465";"Sand"
"Kürtener Straße";"2 - 10";"51465";"Sand"
"Kürtener Straße";"71 - 87";"51465";"Sand"
"Kürtener Straße";"318 - 330";"51465";"Herrenstrunden"
"Kürtener Straße";"339 - 339";"51465";"Herrenstrunden"
"Lachsweg";"1 - 7";"51427";"Lustheide"
"Lachsweg";"8 - 8";"51427";"Lustheide"
"Langemarckweg";"5 - 13";"51465";"Stadtmitte"
"Langemarckweg";"14 - 56";"51465";"Stadtmitte"
"Langemarckweg";"17 - 65";"51465";"Stadtmitte"
"Langenbrück";"1 - 3";"51427";"Alt-Refrath"
"Langenbrück";"2 - 20";"51427";"Alt-Refrath"
"Langenmorgen";"1 - 11";"51429";"Moitzfeld"
"Langenmorgen";"2 - 14";"51429";"Moitzfeld"
"Lärchenweg";"1 - 9";"51429";"Bensberg"
"Lärchenweg";"2 - 14";"51429";"Bensberg"
"Laurentiusstraße";"4 - 54";"51465";"Stadtmitte"
"Laurentiusstraße";"5 - 77";"51465";"Stadtmitte"
"Laurentiusstraße";"66 - 98";"51465";"Stadtmitte"
"Laurentiusstraße";"83 - 97";"51465";"Stadtmitte"
"Lehmpöhle";"1 - 21";"51429";"Lückerath"
"Lehmpöhle";"2 - 20";"51429";"Lückerath"
"Leibnizstraße";"15 - 31";"51469";"Gronau"
"Leibnizstraße";"16 - 28";"51469";"Gronau"
"Lenaustraße";"1 - 3";"51429";"Herkenrath"
"Lenaustraße";"2 - 8";"51429";"Herkenrath"
"Lenaustraße";"5 - 7";"51429";"Herkenrath"
"Lerbacher Weg";"1 - 1";"51469";"Heidkamp"
"Lerbacher Weg";"2 - 8";"51469";"Heidkamp"
"Lerbacher Weg";"10 - 20";"51469";"Heidkamp"
"Lerbacher Weg";"22 - 26";"51469";"Heidkamp"
"Lerbacher Weg";"25 - 25";"51469";"Heidkamp"
"Lerbacher Weg";"70 - 70";"51469";"Sand"
"Lessingstraße";"2 - 10";"51429";"Herkenrath"
"Leuchter Gemark";"1 - 9";"51467";"Katterbach"
"Leuchter Gemark";"2 - 24";"51467";"Katterbach"
"Leuchter Gemark";"11 - 17";"51467";"Katterbach"
"Leuchter Gemark";"19 - 21";"51467";"Katterbach"
"Leuchter Gemark";"26 - 26";"51467";"Katterbach"
"Leverkusener Straße";"2 - 10";"51467";"Schildgen"
"Leverkusener Straße";"3 - 5";"51467";"Schildgen"
"Leverkusener Straße";"7 - 9";"51467";"Schildgen"
"Leverkusener Straße";"13 - 39";"51467";"Schildgen"
"Leverkusener Straße";"20 - 28";"51467";"Schildgen"
"Leverkusener Straße";"41 - 65";"51467";"Schildgen"
"Leverkusener Straße";"67 - 71";"51467";"Schildgen"
"Leverkusener Straße";"70 - 76";"51467";"Schildgen"
"Leverkusener Straße";"73 - 77";"51467";"Schildgen"
"Leverkusener Straße";"78 - 80";"51467";"Schildgen"
"Lichtenweg";"2 - 2";"51465";"Sand"
"Lichtenweg";"3 - 3";"51465";"Sand"
"Lichtenweg";"4 - 52";"51465";"Sand"
"Lichtenweg";"15 - 43";"51465";"Sand"
"Lichtenweg";"49 - 65";"51465";"Sand"
"Liebigstraße";"1 - 27";"51465";"Stadtmitte"
"Liebigstraße";"2 - 34";"51465";"Stadtmitte"
"Lilienweg";"1 - 5";"51427";"Refrath"
"Lilienweg";"2 - 8";"51427";"Refrath"
"Lilienweg";"7 - 11";"51427";"Refrath"
"Lilienweg";"10 - 18";"51427";"Refrath"
"Lindenweg";"2 - 8";"51429";"Moitzfeld"
"Lisztstraße";"1 - 23";"51467";"Schildgen"
"Lisztstraße";"2 - 10";"51467";"Schildgen"
"Lochermühle";"8 - 8";"51465";"Sand"
"Lochsberg";"1 - 2";"51465";"Stadtmitte"
"Löhe";"1 - 17";"51429";"Moitzfeld"
"Löhe";"2 - 44";"51429";"Moitzfeld"
"Löhe";"19 - 41";"51429";"Moitzfeld"
"Löhe";"43 - 51";"51429";"Moitzfeld"
"Löhe";"46 - 56";"51429";"Moitzfeld"
"Löher Höhenweg";"1 - 25";"51429";"Moitzfeld"
"Löher Höhenweg";"2 - 12";"51429";"Moitzfeld"
"Löher Höhenweg";"14 - 36";"51429";"Moitzfeld"
"Lohplatz";"1 - 39";"51465";"Sand"
"Lohplatz";"2 - 16";"51465";"Sand"
"Lortzingstraße";"1 - 15";"51467";"Schildgen"
"Lortzingstraße";"4 - 28";"51467";"Schildgen"
"Lothar-Kreyssig-Straße";"1 - 7";"51469";"Paffrath"
"Lothar-Kreyssig-Straße";"4 - 26";"51469";"Paffrath"
"Lothar-Kreyssig-Straße";"21 - 25";"51469";"Paffrath"
"Lubahnstraße";"1 - 11";"51429";"Bensberg"
"Lubahnstraße";"2 - 12";"51429";"Bensberg"
"Lucie-Kahlenborn-Straße";"2 - 46";"51427";"Refrath"
"Lucie-Kahlenborn-Straße";"3 - 27";"51427";"Refrath"
"Lückerather Weg";"37 - 47";"51429";"Lückerath"
"Lückerather Weg";"38 - 38";"51429";"Lückerath"
"Lückerather Weg";"44 - 50";"51429";"Lückerath"
"Lückerather Weg";"47 - 55";"51429";"Lückerath"
"Lückerather Weg";"54 - 92";"51429";"Lückerath"
"Lückerather Weg";"57 - 63";"51429";"Lückerath"
"Lückerather Weg";"67 - 81";"51429";"Lückerath"
"Ludwig-Quidde-Straße";"3 - 29";"51469";"Hand"
"Ludwig-Quidde-Straße";"4 - 22";"51469";"Hand"
"Lustheide";"1 - 57";"51427";"Lustheide"
"Lustheide";"4 - 40";"51427";"Lustheide"
"Lustheide";"44 - 110";"51427";"Lustheide"
"Lustheide";"59 - 105";"51427";"Lustheide"
"Lustheide";"111 - 111";"51427";"Lustheide"
"Lustheide";"124 - 144";"51427";"Lustheide"
"Lutonstraße";"1 - 53";"51469";"Gronau"
"Lutonstraße";"2 - 22";"51469";"Gronau"
"Malteserweg";"1 - 11";"51465";"Herrenstrunden"
"Malteserweg";"2 - 24";"51465";"Herrenstrunden"
"Margaretenhöhe";"1 - 31";"51465";"Stadtmitte"
"Margaretenhöhe";"2 - 36";"51465";"Stadtmitte"
"Maria-Juchacz-Straße";"1 - 5";"51469";"Paffrath"
"Maria-Juchacz-Straße";"2 - 6";"51469";"Paffrath"
"Maria-Zanders-Anlage";"1 - 10";"51465";"Stadtmitte"
"Marienburger Straße";"1 - 21";"51469";"Hand"
"Marienburger Straße";"2 - 32";"51469";"Hand"
"Marienhöhe";"1 - 3";"51465";"Stadtmitte"
"Marijampolestraße";"2 - 14";"51469";"Hand"
"Marijampolestraße";"3 - 7";"51469";"Hand"
"Marijampolestraße";"11 - 93";"51469";"Hand"
"Marijampolestraße";"16 - 26";"51469";"Hand"
"Markt";"3 - 3";"51429";"Bensberg"
"Markt";"6 - 7";"51429";"Bensberg"
"Martin-Luther-King-Straße";"1 - 7";"51469";"Hand"
"Martin-Luther-King-Straße";"2 - 12";"51469";"Hand"
"Martin-Luther-Straße";"1 - 7";"51469";"Heidkamp"
"Martin-Luther-Straße";"2 - 8";"51469";"Heidkamp"
"Martin-Luther-Straße";"10 - 22";"51469";"Heidkamp"
"Martin-Luther-Straße";"11 - 43";"51469";"Heidkamp"
"Martin-Luther-Straße";"32 - 34";"51469";"Heidkamp"
"Mathilde-Wrede-Straße";"1 - 5";"51469";"Paffrath"
"Max-Baermann-Straße";"1 - 43";"51429";"Moitzfeld"
"Max-Baermann-Straße";"2 - 48";"51429";"Moitzfeld"
"Max-Born-Straße";"1 - 29";"51429";"Moitzfeld"
"Max-Born-Straße";"2 - 20";"51429";"Moitzfeld"
"Max-Bruch-Straße";"1 - 9";"51465";"Stadtmitte"
"Max-Bruch-Straße";"2 - 40";"51465";"Stadtmitte"
"Max-Bruch-Straße";"15 - 33";"51465";"Stadtmitte"
"Max-Joseph-Straße";"1 - 23";"51429";"Lückerath"
"Max-Joseph-Straße";"2 - 28";"51429";"Lückerath"
"Max-Planck-Straße";"1 - 65";"51467";"Schildgen"
"Max-von-Laue-Straße";"1 - 21";"51429";"Moitzfeld"
"Meisenweg";"1 - 15";"51467";"Hebborn"
"Meisenweg";"2 - 12";"51467";"Hebborn"
"Meisheide";"1 - 15";"51429";"Moitzfeld"
"Meisheide";"8 - 24";"51429";"Moitzfeld"
"Meisheider Wald";"8 - 16";"51429";"Moitzfeld"
"Memeler Straße";"1 - 5";"51469";"Hand"
"Memeler Straße";"2 - 8";"51469";"Hand"
"Mendelssohnstraße";"1 - 11";"51467";"Schildgen"
"Menzelstraße";"1 - 15";"51427";"Refrath"
"Menzelstraße";"2 - 16";"51427";"Refrath"
"Merkelweg";"1 - 5";"51427";"Refrath"
"Merkelweg";"2 - 12";"51427";"Refrath"
"Michaelshöhe";"2 - 12";"51465";"Stadtmitte"
"Milchbornhöhe";"1 - 5";"51429";"Bensberg"
"Milchbornhöhe";"2 - 8";"51429";"Bensberg"
"Milchborntalweg";"1 - 29";"51429";"Bensberg"
"Milchborntalweg";"4 - 6";"51429";"Bensberg"
"Milchborntalweg";"10 - 16";"51429";"Bensberg"
"Milchborntalweg";"24 - 32";"51429";"Bensberg"
"Milchborntalweg";"31 - 33";"51429";"Bensberg"
"Milchborntalweg";"34 - 68";"51429";"Bensberg"
"Milchborntalweg";"39 - 41";"51429";"Bensberg"
"Milchborntalweg";"43 - 79";"51429";"Bensberg"
"Milchborntalweg";"76 - 94";"51429";"Bensberg"
"Milchborntalweg";"83 - 105";"51429";"Bensberg"
"Mitteleschbach";"1 - 13";"51429";"Moitzfeld"
"Mitteleschbach";"2 - 24";"51429";"Moitzfeld"
"Mohnweg";"1 - 13";"51427";"Alt-Refrath"
"Mohnweg";"2 - 4";"51427";"Alt-Refrath"
"Mohnweg";"8 - 8";"51427";"Alt-Refrath"
"Mohnweg";"12 - 16";"51427";"Alt-Refrath"
"Mohnweg";"17 - 21";"51427";"Refrath"
"Mohnweg";"18 - 24";"51427";"Refrath"
"Moitzfeld";"2 - 4";"51429";"Moitzfeld"
"Moitzfeld";"5 - 35";"51429";"Moitzfeld"
"Moitzfeld";"34 - 46";"51429";"Moitzfeld"
"Moitzfeld";"41 - 47";"51429";"Moitzfeld"
"Moitzfeld";"49 - 65";"51429";"Moitzfeld"
"Moitzfeld";"67 - 75";"51429";"Moitzfeld"
"Moitzfeld";"77 - 77";"51429";"Moitzfeld"
"Moitzfeld";"86 - 86";"51429";"Moitzfeld"
"Moitzfeld";"88 - 88";"51429";"Moitzfeld"
"Moitzfeld";"94 - 100";"51429";"Moitzfeld"
"Moltkestraße";"7 - 15";"51429";"Kaule"
"Moltkestraße";"8 - 12";"51429";"Kaule"
"Montanusstraße";"1 - 1";"51429";"Bensberg"
"Montanusstraße";"2 - 2";"51429";"Bensberg"
"Montanusstraße";"8 - 30";"51429";"Lückerath"
"Montanusstraße";"9 - 23";"51429";"Lückerath"
"Mörikestraße";"1 - 5";"51429";"Herkenrath"
"Mörikestraße";"2 - 20";"51429";"Herkenrath"
"Moureauxstraße";"1 - 41";"51429";"Kaule"
"Moureauxstraße";"2 - 46";"51429";"Kaule"
"Mozartstraße";"1 - 13";"51427";"Frankenforst"
"Mozartstraße";"2 - 20";"51427";"Frankenforst"
"Mühlenstraße";"3 - 27";"51469";"Hand"
"Mühlenstraße";"12 - 60";"51469";"Hand"
"Mühlenstraße";"41 - 63";"51469";"Hand"
"Mühlenstraße";"62 - 76";"51469";"Hand"
"Mühlenstraße";"67 - 89";"51469";"Hand"
"Mühlenstraße";"84 - 112";"51469";"Hand"
"Mühlenstraße";"113 - 121";"51469";"Hand"
"Mühlenstraße";"114 - 118";"51469";"Hand"
"Mülheimer Straße";"2 - 32";"51469";"Gronau"
"Mülheimer Straße";"34 - 106";"51469";"Gronau"
"Mülheimer Straße";"41 - 45";"51469";"Gronau"
"Mülheimer Straße";"47 - 73";"51469";"Gronau"
"Mülheimer Straße";"79 - 101";"51469";"Gronau"
"Mülheimer Straße";"110 - 128";"51469";"Gronau"
"Mülheimer Straße";"111 - 179";"51469";"Gronau"
"Mülheimer Straße";"156 - 166";"51469";"Gronau"
"Mülheimer Straße";"184 - 268";"51469";"Gronau"
"Mülheimer Straße";"185 - 247";"51469";"Gronau"
"Mutzer Feld";"1 - 7";"51467";"Hebborn"
"Mutzer Feld";"2 - 6";"51467";"Hebborn"
"Mutzer Heide";"1 - 57";"51467";"Hebborn"
"Mutzer Heide";"2 - 40";"51467";"Hebborn"
"Mutzer Straße";"16 - 16";"51467";"Hebborn"
"Mutzer Straße";"17 - 29";"51467";"Hebborn"
"Mutzer Straße";"18 - 46";"51467";"Hebborn"
"Mutzer Straße";"43 - 57";"51467";"Hebborn"
"Mutzer Straße";"48 - 68";"51467";"Hebborn"
"Mutzer Straße";"61 - 79";"51467";"Hebborn"
"Mutzer Straße";"70 - 84";"51467";"Hebborn"
"Mutzer Straße";"81 - 139";"51467";"Hebborn"
"Mutzer Straße";"88 - 116";"51467";"Hebborn"
"Mutzer Straße";"118 - 120";"51467";"Hebborn"
"Nachtigallenstraße";"1 - 7";"51427";"Frankenforst"
"Nachtigallenstraße";"2 - 2";"51427";"Frankenforst"
"Nachtigallenstraße";"6 - 6";"51427";"Frankenforst"
"Nachtigallenstraße";"11 - 25";"51427";"Frankenforst"
"Neuborn";"4 - 14";"51429";"Lückerath"
"Neuborn";"5 - 5";"51429";"Lückerath"
"Neudiepeschrath";"3 - 4";"51469";"Paffrath"
"Neue Nußbaumer Straße";"1 - 17";"51469";"Paffrath"
"Neue Nußbaumer Straße";"2 - 4";"51469";"Paffrath"
"Neue Nußbaumer Straße";"12 - 14";"51469";"Paffrath"
"Neuenhaus";"3 - 29";"51429";"Moitzfeld"
"Neuenhaus";"6 - 28";"51429";"Moitzfeld"
"Neuenhauser Weg";"1 - 3";"51467";"Katterbach"
"Neuenhauser Weg";"2 - 32";"51467";"Katterbach"
"Neuenhauser Weg";"5 - 7";"51467";"Katterbach"
"Neuenweg";"1 - 19";"51429";"Kaule"
"Neuenweg";"2 - 4";"51429";"Kaule"
"Neuenweg";"4 - 20";"51429";"Kaule"
"Neuenweg";"22 - 24";"51429";"Lückerath"
"Neuenweg";"25 - 29";"51429";"Kaule"
"Neuenweg";"31 - 31";"51429";"Lückerath"
"Neuer Traßweg";"1 - 17";"51427";"Alt-Refrath"
"Neuer Traßweg";"6 - 20";"51427";"Alt-Refrath"
"Neuer Traßweg";"21 - 41";"51427";"Kippekausen"
"Neuer Traßweg";"24 - 58";"51427";"Kippekausen"
"Neufeldweg";"2 - 4";"51427";"Lustheide"
"Neufeldweg";"3 - 21";"51427";"Lustheide"
"Neufeldweg";"6 - 24";"51427";"Lustheide"
"Neufeldweg";"23 - 27";"51427";"Lustheide"
"Neufeldweg";"24 - 24";"51427";"Lustheide"
"Neufeldweg";"26 - 26";"51427";"Lustheide"
"Niedenhof";"1 - 7";"51427";"Refrath"
"Niedenhof";"4 - 8";"51427";"Refrath"
"Niedenhof";"11 - 17";"51427";"Refrath"
"Niedenhof";"12 - 18";"51427";"Refrath"
"Niedenhofsbusch";"1 - 10";"51427";"Lustheide"
"Nikolaus-Groß-Straße";"1 - 11";"51427";"Kippekausen"
"Nikolaus-Groß-Straße";"8 - 8";"51427";"Kippekausen"
"Nikolaus-Lenau-Straße";"1 - 1";"51469";"Gronau"
"Nikolaus-Lenau-Straße";"2 - 10";"51469";"Gronau"
"Nikolaus-Lenau-Straße";"11 - 13";"51469";"Gronau"
"Nikolaus-Lenau-Straße";"15 - 16";"51469";"Gronau"
"Nikolausstraße";"1 - 5";"51429";"Bensberg"
"Nikolausstraße";"4 - 4";"51429";"Bensberg"
"Nikolausstraße";"7 - 11";"51429";"Bensberg"
"Nittumer Weg";"1 - 53";"51467";"Schildgen"
"Nittumer Weg";"2 - 8";"51467";"Schildgen"
"Nittumer Weg";"12 - 44";"51467";"Schildgen"
"Nittumer Weg";"48 - 56";"51467";"Schildgen"
"Nittumer Weg";"58 - 70";"51467";"Schildgen"
"Nittumer Weg";"63 - 71";"51467";"Schildgen"
"Nittumer Weg";"74 - 78";"51467";"Schildgen"
"Nußbaum";"1 - 1";"51467";"Nußbaum"
"Nußbaum";"2 - 2";"51467";"Nußbaum"
"Nußbaum";"31 - 34";"51467";"Nußbaum"
"Nußbaum";"36 - 36";"51467";"Nußbaum"
"Nußbaumer Berg";"2 - 8";"51467";"Nußbaum"
"Nußbaumer Berg";"7 - 9";"51467";"Nußbaum"
"Nußbaumer Berg";"16 - 20";"51467";"Nußbaum"
"Nußbaumer Berg";"19 - 55";"51467";"Nußbaum"
"Nußbaumer Berg";"22 - 30";"51467";"Nußbaum"
"Nußbaumer Berg";"34 - 42";"51467";"Nußbaum"
"Nußbaumer Bungert";"2 - 50";"51467";"Nußbaum"
"Nußbaumer Bungert";"3 - 37";"51467";"Nußbaum"
"Nußbaumer Feld";"1 - 17";"51467";"Nußbaum"
"Nußbaumer Feld";"2 - 18";"51467";"Nußbaum"
"Nußbaumer Garten";"1 - 1";"51467";"Nußbaum"
"Nußbaumer Garten";"2 - 18";"51467";"Nußbaum"
"Nußbaumer Kamp";"1 - 11";"51467";"Nußbaum"
"Nußbaumer Kamp";"4 - 14";"51467";"Nußbaum"
"Nußbaumer Straße";"3 - 23";"51469";"Paffrath"
"Nußbaumer Straße";"4 - 24";"51469";"Paffrath"
"Nußbaumer Straße";"25 - 39";"51469";"Paffrath"
"Nußbaumer Straße";"26 - 26";"51469";"Paffrath"
"Nußbaumer Straße";"47 - 69";"51467";"Nußbaum"
"Nußbaumer Straße";"50 - 74";"51467";"Nußbaum"
"Nußbaumer Straße";"71 - 97";"51467";"Nußbaum"
"Nußbaumer Straße";"80 - 104";"51467";"Nußbaum"
"Nußbaumer Wiese";"1 - 11";"51467";"Nußbaum"
"Nußbaumer Wiese";"4 - 34";"51467";"Nußbaum"
"Nußbaumer Winkel";"1 - 11";"51467";"Nußbaum"
"Nußbaumer Winkel";"2 - 22";"51467";"Nußbaum"
"Oberasselborn";"1 - 15";"51429";"Asselborn"
"Oberasselborn";"2 - 14";"51429";"Asselborn"
"Oberasselborn";"37 - 39";"51429";"Asselborn"
"Oberdreispringen";"2 - 20";"51429";"Bärbroich"
"Oberdreispringen";"11 - 29";"51429";"Bärbroich"
"Obereschbach";"1 - 1";"51429";"Moitzfeld"
"Obereschbach";"3 - 21";"51429";"Moitzfeld"
"Obereschbach";"8 - 18";"51429";"Moitzfeld"
"Obereschbach";"23 - 23";"51429";"Moitzfeld"
"Oberheide";"2 - 8";"51429";"Asselborn"
"Oberheide";"3 - 15";"51429";"Asselborn"
"Oberheidkamper Straße";"4 - 48";"51469";"Heidkamp"
"Oberheidkamper Straße";"21 - 25";"51469";"Heidkamp"
"Oberheidkamper Straße";"31 - 65";"51469";"Heidkamp"
"Oberheidkamper Straße";"50 - 92";"51469";"Heidkamp"
"Oberheidkamper Straße";"71 - 87";"51469";"Heidkamp"
"Oberheidkamper Straße";"97 - 119";"51469";"Heidkamp"
"Oberheidkamper Straße";"100 - 102";"51469";"Heidkamp"
"Oberholz";"2 - 7";"51467";"Romaney"
"Oberhombach";"1 - 5";"51429";"Herrenstrunden"
"Oberkülheim";"1 - 5";"51429";"Bärbroich"
"Oberkülheim";"2 - 18";"51429";"Bärbroich"
"Oberkülheim";"7 - 31";"51429";"Bärbroich"
"Oberkülheim";"22 - 44";"51429";"Bärbroich"
"Oberkülheimer Hof";"2 - 20";"51429";"Bärbroich"
"Oberlerbach";"1 - 1";"51465";"Sand"
"Oberlerbach";"2 - 5";"51465";"Sand"
"Oberlückerath";"1 - 59";"51429";"Lückerath"
"Oberlückerath";"2 - 34";"51429";"Lückerath"
"Oberlückerath";"36 - 56";"51429";"Lückerath"
"Obersaal";"1 - 11";"51429";"Lückerath"
"Obersaal";"10 - 12";"51429";"Lückerath"
"Oberselbach";"1 - 7";"51429";"Bärbroich"
"Obersteinbach";"2 - 14";"51429";"Asselborn"
"Obersteinbach";"3 - 9";"51429";"Asselborn"
"Oberthal";"1 - 1";"51465";"Herrenstrunden"
"Obervolbach";"1 - 1";"51429";"Herkenrath"
"Obervolbach";"2 - 20";"51429";"Herkenrath"
"Obervolbach";"23 - 63";"51429";"Herkenrath"
"Obervolbach";"26 - 54";"51429";"Herkenrath"
"Odenthaler Markweg";"1 - 13";"51467";"Schildgen"
"Odenthaler Markweg";"2 - 18";"51467";"Schildgen"
"Odenthaler Markweg";"17 - 39";"51467";"Schildgen"
"Odenthaler Markweg";"20 - 46";"51467";"Schildgen"
"Odenthaler Markweg";"46 - 54";"51467";"Schildgen"
"Odenthaler Markweg";"47 - 61";"51467";"Schildgen"
"Odenthaler Markweg";"56 - 68";"51467";"Schildgen"
"Odenthaler Straße";"17 - 19";"51465";"Stadtmitte"
"Odenthaler Straße";"45 - 77";"51465";"Stadtmitte"
"Odenthaler Straße";"101 - 127";"51465";"Stadtmitte"
"Odenthaler Straße";"110 - 166";"51465";"Stadtmitte"
"Odenthaler Straße";"143 - 165";"51465";"Stadtmitte"
"Odenthaler Straße";"167 - 215";"51467";"Hebborn"
"Odenthaler Straße";"168 - 214";"51467";"Hebborn"
"Odenthaler Straße";"220 - 264";"51467";"Hebborn"
"Odenthaler Straße";"225 - 261";"51467";"Hebborn"
"Odenthaler Straße";"269 - 269";"51467";"Hebborn"
"Odinweg";"1 - 31";"51429";"Bensberg"
"Odinweg";"8 - 52";"51429";"Bensberg"
"Oehmchenstraße";"5 - 23";"51469";"Heidkamp"
"Oehmchenstraße";"14 - 28";"51469";"Heidkamp"
"Offenbachstraße";"1 - 9";"51467";"Schildgen"
"Offenbachstraße";"2 - 16";"51467";"Schildgen"
"Olefant";"1 - 3";"51427";"Frankenforst"
"Olefant";"2 - 16";"51427";"Frankenforst"
"Olpensgut";"1 - 7";"51467";"Hebborn"
"Olpensgut";"2 - 10";"51467";"Hebborn"
"Om Rodde";"1 - 11";"51427";"Refrath"
"Om Rodde";"2 - 38";"51427";"Refrath"
"Om Rodde";"13 - 15";"51427";"Refrath"
"Ommerbornstraße";"8 - 30";"51465";"Sand"
"Ommerbornstraße";"9 - 65";"51465";"Sand"
"Ommerbornstraße";"34 - 64";"51465";"Sand"
"Opladenstraße";"1 - 1";"51429";"Lückerath"
"Opladenstraße";"2 - 2";"51429";"Lückerath"
"Otto-Hahn-Straße";"1 - 21";"51429";"Moitzfeld"
"Otto-Hahn-Straße";"14 - 30";"51429";"Moitzfeld"
"Ottoherscheid";"2 - 22";"51429";"Bärbroich"
"Ottoherscheid";"25 - 107";"51429";"Bärbroich"
"Ottoherscheid";"46 - 54";"51429";"Bärbroich"
"Ottoherscheid";"72 - 98";"51429";"Bärbroich"
"Ottostraße";"1 - 15";"51427";"Kippekausen"
"Ottostraße";"2 - 34";"51427";"Kippekausen"
"Overather Straße";"5 - 15";"51429";"Bensberg"
"Overather Straße";"6 - 12";"51429";"Bensberg"
"Overather Straße";"16 - 18";"51429";"Bensberg"
"Overather Straße";"19 - 23";"51429";"Bensberg"
"Overather Straße";"25 - 31";"51429";"Bensberg"
"Overather Straße";"26 - 28";"51429";"Bockenberg"
"Overather Straße";"32 - 32";"51429";"Bockenberg"
"Overather Straße";"51 - 57";"51429";"Bockenberg"
"Overather Straße";"120 - 120";"51429";"Moitzfeld"
"Overather Straße";"125 - 125";"51429";"Moitzfeld"
"Paffrather Mühle";"1 - 1";"51469";"Paffrath"
"Paffrather Straße";"152 - 172";"51469";"Paffrath"
"Paffrather Straße";"177 - 185";"51469";"Paffrath"
"Paffrather Straße";"178 - 202";"51469";"Paffrath"
"Paffrather Straße";"187 - 195";"51469";"Paffrath"
"Paffrather Straße";"206 - 244";"51469";"Paffrath"
"Paffrather Straße";"215 - 253";"51469";"Paffrath"
"Paffrather Straße";"261 - 265";"51469";"Paffrath"
"Paffrather Straße";"291 - 305";"51469";"Paffrath"
"Paffrather Straße";"294 - 296";"51469";"Paffrath"
"Paffrather Straße";"316 - 320";"51469";"Paffrath"
"Pannenberg";"7 - 91";"51469";"Paffrath"
"Pannenberg";"36 - 54";"51469";"Paffrath"
"Pannenberg";"56 - 84";"51469";"Paffrath"
"Pannenberg";"86 - 134";"51469";"Paffrath"
"Pannenberg";"97 - 121";"51469";"Paffrath"
"Pappelweg";"1 - 21";"51467";"Schildgen"
"Pappelweg";"2 - 10";"51467";"Schildgen"
"Paracelsusstraße";"1 - 13";"51465";"Stadtmitte"
"Paracelsusstraße";"4 - 8";"51465";"Stadtmitte"
"Parkstraße";"1 - 17";"51427";"Frankenforst"
"Parkstraße";"2 - 22";"51427";"Frankenforst"
"Parkstraße";"24 - 40";"51427";"Frankenforst"
"Parkstraße";"25 - 33";"51427";"Frankenforst"
"Parkstraße";"35 - 43";"51427";"Frankenforst"
"Parkstraße";"42 - 94";"51427";"Frankenforst"
"Parkstraße";"45 - 49";"51427";"Frankenforst"
"Paul-Ehrlich-Straße";"1 - 37";"51465";"Stadtmitte"
"Paul-Ehrlich-Straße";"8 - 28";"51465";"Stadtmitte"
"Paul-Gerhardt-Straße";"1 - 17";"51427";"Refrath"
"Paul-Gerhardt-Straße";"6 - 6";"51427";"Refrath"
"Paul-Lücke-Straße";"1 - 47";"51429";"Herkenrath"
"Paul-Lücke-Straße";"2 - 54";"51429";"Herkenrath"
"Paulusstraße";"1 - 5";"51469";"Heidkamp"
"Paulusstraße";"2 - 14";"51469";"Heidkamp"
"Paulusstraße";"7 - 23";"51469";"Heidkamp"
"Paulusstraße";"16 - 36";"51469";"Heidkamp"
"Pehlengarten";"1 - 19";"51429";"Bensberg"
"Pehlengarten";"4 - 8";"51429";"Bensberg"
"Pehlengasse";"4 - 4";"51429";"Bensberg"
"Pestalozzistraße";"2 - 10";"51427";"Alt-Refrath"
"Pestalozzistraße";"3 - 9";"51427";"Alt-Refrath"
"Pestalozzistraße";"13 - 15";"51427";"Alt-Refrath"
"Peter-Bürling-Passage";"4 - 4";"51427";"Refrath"
"Peter-Bürling-Platz";"998 - 998";"51427";"Refrath"
"Peter-Landwehr-Straße";"1 - 25";"51469";"Paffrath"
"Peter-Landwehr-Straße";"2 - 14";"51469";"Paffrath"
"Peter-Walterscheidt-Str.";"1 - 7";"51469";"Hand"
"Peter-Walterscheidt-Str.";"2 - 66";"51469";"Hand"
"Peter-Walterscheidt-Str.";"9 - 17";"51469";"Hand"
"Peter-Walterscheidt-Str.";"19 - 91";"51469";"Hand"
"Petriweg";"1 - 6";"51427";"Lustheide"
"Pfarrer-Körner-Straße";"1 - 9";"51429";"Bensberg"
"Piddelbornsmühle";"4 - 4";"51469";"Gronau"
"Piddelbornstraße";"2 - 32";"51469";"Gronau"
"Piddelbornstraße";"7 - 21";"51469";"Gronau"
"Pippelstein";"1 - 1";"51427";"Lustheide"
"Pippelstein";"2 - 20";"51427";"Lustheide"
"Pippelstein";"3 - 11";"51427";"Lustheide"
"Pippelstein";"17 - 49";"51427";"Lustheide"
"Pippelstein";"22 - 36";"51427";"Lustheide"
"Pippelstein";"38 - 42";"51427";"Lustheide"
"Platanenweg";"1 - 7";"51467";"Schildgen"
"Platzer Höhenweg";"1 - 33";"51429";"Moitzfeld"
"Platzer Höhenweg";"2 - 46";"51429";"Moitzfeld"
"Platzer Höhenweg";"60 - 60";"51429";"Moitzfeld"
"Platzer Höhenweg";"61 - 61";"51429";"Moitzfeld"
"Plesser Straße";"4 - 28";"51469";"Hand"
"Plesser Straße";"5 - 11";"51469";"Hand"
"Portzenbusch";"1 - 39";"51465";"Herrenstrunden"
"Portzenbusch";"2 - 8";"51465";"Herrenstrunden"
"Portzenbusch";"12 - 36";"51465";"Herrenstrunden"
"Posener Straße";"2 - 6";"51469";"Hand"
"Posener Straße";"7 - 23";"51469";"Hand"
"Posener Straße";"12 - 14";"51469";"Hand"
"Posener Straße";"16 - 22";"51469";"Hand"
"Poststraße";"7 - 9";"51465";"Stadtmitte"
"Poststraße";"12 - 16";"51465";"Stadtmitte"
"Prager Straße";"1 - 31";"51469";"Hand"
"Prager Straße";"2 - 22";"51469";"Hand"
"Pützweg";"2 - 2";"51467";"Schildgen"
"Pützweg";"3 - 31";"51467";"Schildgen"
"Pützweg";"4 - 12";"51467";"Schildgen"
"Quellenweg";"1 - 15";"51429";"Bensberg"
"Quellenweg";"2 - 12";"51429";"Bensberg"
"Quirlsberg";"1 - 5";"51465";"Stadtmitte"
"Quirlsberg";"2 - 6";"51465";"Stadtmitte"
"Rathenaustraße";"1 - 3";"51427";"Frankenforst"
"Rathenaustraße";"4 - 8";"51427";"Frankenforst"
"Rather Weg";"1 - 1";"51427";"Lustheide"
"Refrather Weg";"1 - 31";"51465";"Stadtmitte"
"Refrather Weg";"2 - 12";"51465";"Stadtmitte"
"Refrather Weg";"14 - 24";"51465";"Stadtmitte"
"Refrather Weg";"26 - 28";"51469";"Gronau"
"Refrather Weg";"30 - 44";"51469";"Gronau"
"Refrather Weg";"33 - 33";"51465";"Stadtmitte"
"Refrather Weg";"35 - 57";"51469";"Gronau"
"Refrather Weg";"46 - 64";"51469";"Gronau"
"Refrather Weg";"68 - 76";"51469";"Gronau"
"Refrather Weg";"87 - 103";"51469";"Gronau"
"Reginharstraße";"1 - 9";"51429";"Bockenberg"
"Reginharstraße";"2 - 34";"51429";"Bockenberg"
"Reginharstraße";"13 - 13";"51429";"Bockenberg"
"Reginharstraße";"40 - 40";"51429";"Bockenberg"
"Reginharstraße";"42 - 42";"51429";"Bockenberg"
"Reineckeweg";"1 - 5";"51469";"Gronau"
"Reineckeweg";"6 - 12";"51469";"Gronau"
"Reiser";"1 - 15";"51429";"Kaule"
"Reiser";"4 - 16";"51429";"Kaule"
"Reiser";"18 - 26";"51429";"Kaule"
"Reiser";"21 - 23";"51429";"Kaule"
"Reiser";"25 - 27";"51429";"Kaule"
"Reiser";"34 - 48";"51429";"Kaule"
"Reisergrund";"1 - 3";"51429";"Kaule"
"Reisergrund";"2 - 4";"51429";"Kaule"
"Rennweg";"999 - 999";"51427";"Frankenforst"
"Reuterstraße";"149 - 155";"51467";"Hebborn"
"Reuterstraße";"150 - 164";"51467";"Hebborn"
"Reuterstraße";"157 - 175";"51467";"Hebborn"
"Reuterstraße";"185 - 191";"51467";"Hebborn"
"Reuterstraße";"186 - 188";"51467";"Hebborn"
"Reuterstraße";"201 - 211";"51467";"Nußbaum"
"Reuterstraße";"202 - 218";"51467";"Nußbaum"
"Reuterstraße";"213 - 237";"51467";"Nußbaum"
"Reuterstraße";"220 - 230";"51467";"Nußbaum"
"Reuterstraße";"232 - 236";"51467";"Nußbaum"
"Rheinhöhenweg";"2 - 42";"51465";"Stadtmitte"
"Rheinhöhenweg";"7 - 29";"51465";"Stadtmitte"
"Rheinhöhenweg";"31 - 31";"51465";"Stadtmitte"
"Richard-Dehmel-Straße";"2 - 20";"51469";"Gronau"
"Richard-Dehmel-Straße";"15 - 25";"51469";"Gronau"
"Richard-Seiffert-Straße";"1 - 21";"51469";"Heidkamp"
"Richard-Seiffert-Straße";"2 - 10";"51469";"Heidkamp"
"Richard-Seiffert-Straße";"14 - 26";"51469";"Heidkamp"
"Richard-Seiffert-Straße";"27 - 35";"51469";"Heidkamp"
"Richard-Seiffert-Straße";"34 - 34";"51469";"Heidkamp"
"Richard-Zanders-Straße";"2 - 16";"51465";"Stadtmitte"
"Richard-Zanders-Straße";"5 - 11";"51465";"Stadtmitte"
"Richard-Zanders-Straße";"15 - 23";"51465";"Stadtmitte"
"Richard-Zanders-Straße";"25 - 29";"51465";"Stadtmitte"
"Richard-Zanders-Straße";"31 - 47";"51469";"Heidkamp"
"Richard-Zanders-Straße";"32 - 32";"51465";"Stadtmitte"
"Richard-Zanders-Straße";"34 - 44";"51469";"Heidkamp"
"Richard-Zanders-Straße";"46 - 72";"51469";"Heidkamp"
"Richard-Zanders-Straße";"49 - 53";"51469";"Heidkamp"
"Richard-Zanders-Straße";"53 - 61";"51469";"Heidkamp"
"Richard-Zörner-Straße";"1 - 2";"51429";"Lückerath"
"Richard-Zörner-Straße";"2 - 2";"51429";"Lückerath"
"Richard-Zörner-Straße";"3 - 3";"51429";"Lückerath"
"Richard-Zörner-Straße";"4 - 4";"51429";"Lückerath"
"Richard-Zörner-Straße";"5 - 17";"51429";"Lückerath"
"Richard-Zörner-Straße";"24 - 42";"51429";"Lückerath"
"Riedweg";"2 - 10";"51429";"Bensberg"
"Riedweg";"5 - 13";"51429";"Bensberg"
"Rinderweg";"1 - 9";"51427";"Refrath"
"Rinderweg";"4 - 10";"51427";"Refrath"
"Risch";"3 - 6";"51467";"Romaney"
"Risch";"7 - 8";"51467";"Romaney"
"Risch";"11 - 11";"51467";"Romaney"
"Rispenweg";"1 - 15";"51469";"Paffrath"
"Rispenweg";"2 - 14";"51469";"Paffrath"
"Ritzenberg";"1 - 9";"51429";"Bensberg"
"Ritzenberg";"14 - 16";"51429";"Bensberg"
"Ritzenberg";"20 - 26";"51429";"Bensberg"
"Robert-Schuman-Straße";"1 - 11";"51469";"Gronau"
"Robert-Schuman-Straße";"2 - 2";"51469";"Gronau"
"Robert-Schuman-Straße";"6 - 12";"51469";"Gronau"
"Robert-Schuman-Straße";"13 - 23";"51469";"Gronau"
"Robert-Schuman-Straße";"14 - 44";"51469";"Gronau"
"Robert-Schuman-Straße";"25 - 27";"51469";"Gronau"
"Rodemich";"1 - 25";"51469";"Gronau"
"Rodemich";"6 - 10";"51469";"Gronau"
"Rodemich";"12 - 46";"51469";"Gronau"
"Roggenacker";"1 - 23";"51467";"Hebborn"
"Romaney";"1 - 5";"51467";"Romaney"
"Romaney";"8 - 46";"51467";"Romaney"
"Romaney";"23 - 57";"51467";"Romaney"
"Romaney";"54 - 54";"51467";"Romaney"
"Romaneyer Höhe";"2 - 12";"51467";"Romaney"
"Romaneyer Höhe";"5 - 17";"51467";"Romaney"
"Romaneyer Straße";"4 - 40";"51467";"Hebborn"
"Romaneyer Straße";"19 - 45";"51467";"Hebborn"
"Romaneyer Straße";"100 - 100";"51467";"Hebborn"
"Romaneyer Straße";"146 - 160";"51467";"Romaney"
"Romaneyer Straße";"168 - 178";"51467";"Romaney"
"Romaneyer Straße";"180 - 194";"51467";"Romaney"
"Romaneyer Straße";"191 - 191";"51467";"Romaney"
"Römerfeld";"1 - 17";"51467";"Nußbaum"
"Römerfeld";"2 - 16";"51467";"Nußbaum"
"Rommerscheid";"2 - 28";"51465";"Stadtmitte"
"Rommerscheid";"3 - 43";"51465";"Stadtmitte"
"Rommerscheider Höhe";"1 - 7";"51465";"Stadtmitte"
"Rommerscheider Höhe";"2 - 40";"51465";"Stadtmitte"
"Rommerscheider Höhe";"11 - 75";"51465";"Stadtmitte"
"Rommerscheider Höhe";"42 - 52";"51465";"Stadtmitte"
"Rommerscheider Höhe";"54 - 80";"51465";"Stadtmitte"
"Rommerscheider Höhe";"77 - 91";"51465";"Stadtmitte"
"Rommerscheider Straße";"3 - 25";"51465";"Stadtmitte"
"Rommerscheider Straße";"6 - 14";"51465";"Stadtmitte"
"Rommerscheider Straße";"22 - 44";"51465";"Stadtmitte"
"Rommerscheider Straße";"31 - 33";"51465";"Stadtmitte"
"Rommerscheider Straße";"37 - 115";"51465";"Stadtmitte"
"Rommerscheider Straße";"46 - 138";"51465";"Stadtmitte"
"Rommerscheider Straße";"119 - 157";"51465";"Stadtmitte"
"Röntgenstraße";"1 - 11";"51465";"Stadtmitte"
"Röntgenstraße";"4 - 10";"51465";"Stadtmitte"
"Röntgenstraße";"18 - 18";"51465";"Stadtmitte"
"Rosenhag";"1 - 17";"51469";"Gronau"
"Rosenhag";"2 - 10";"51469";"Gronau"
"Rosenhecke";"1 - 25";"51429";"Bensberg"
"Rosenhecke";"2 - 12";"51429";"Bensberg"
"Rosenhecke";"14 - 28";"51429";"Bensberg"
"Rosenhecke";"27 - 39";"51429";"Bensberg"
"Rosenhecke";"30 - 40";"51429";"Bensberg"
"Rosenstraße";"1 - 19";"51427";"Frankenforst"
"Rosenstraße";"4 - 36";"51427";"Frankenforst"
"Rosenstraße";"21 - 39";"51427";"Frankenforst"
"Rosenthaler Weg";"1 - 3";"51465";"Herrenstrunden"
"Rosenthaler Weg";"8 - 20";"51465";"Herrenstrunden"
"Rotdornbusch";"1 - 23";"51467";"Katterbach"
"Rotdornbusch";"2 - 52";"51467";"Katterbach"
"Rotdornweg";"1 - 1";"51429";"Moitzfeld"
"Rotdornweg";"2 - 2";"51429";"Moitzfeld"
"Rotdornweg";"3 - 21";"51429";"Moitzfeld"
"Rotdornweg";"10 - 10";"51429";"Moitzfeld"
"Rothbroicher Straße";"1 - 13";"51467";"Schildgen"
"Rothbroicher Straße";"4 - 20";"51467";"Schildgen"
"Rotkäppchenweg";"1 - 19";"51469";"Heidkamp"
"Rotkäppchenweg";"2 - 16";"51469";"Heidkamp"
"Rottland";"1 - 4";"51429";"Asselborn"
"Rottland";"5 - 7";"51429";"Asselborn"
"Rottweg";"2 - 10";"51429";"Asselborn"
"Rottweg";"5 - 5";"51429";"Asselborn"
"Saaler Mühle";"1 - 8";"51429";"Kippekausen"
"Saaler Straße";"4 - 18";"51429";"Lückerath"
"Saaler Straße";"5 - 23";"51429";"Lückerath"
"Saaler Straße";"29 - 47";"51429";"Lückerath"
"Saaler Straße";"30 - 30";"51429";"Lückerath"
"Saaler Straße";"36 - 36";"51429";"Lückerath"
"Saaler Straße";"40 - 58";"51429";"Lückerath"
"Saaler Straße";"51 - 75";"51429";"Lückerath"
"Saaler Straße";"79 - 85";"51429";"Lückerath"
"Saaler Straße";"89 - 97";"51429";"Lückerath"
"Saaler Straße";"100 - 100";"51429";"Kippekausen"
"Saalermühlenweg";"999 - 999";"51427";"Kippekausen"
"Salamanderweg";"1 - 5";"51427";"Frankenforst"
"Salamanderweg";"2 - 16";"51427";"Frankenforst"
"Salamanderweg";"7 - 17";"51427";"Frankenforst"
"Sandberg";"1 - 1";"51427";"Refrath"
"Sandberg";"4 - 4";"51427";"Refrath"
"Sandberg";"6 - 8";"51427";"Refrath"
"Sandbüchel";"1 - 9";"51427";"Alt-Refrath"
"Sandbüchel";"4 - 6";"51427";"Alt-Refrath"
"Sandbüchel";"8 - 36";"51427";"Alt-Refrath"
"Sandbüchel";"13 - 35";"51427";"Alt-Refrath"
"Sandbüchel";"43 - 49";"51427";"Alt-Refrath"
"Sander Aue";"1 - 13";"51465";"Stadtmitte"
"Sander Aue";"8 - 34";"51465";"Stadtmitte"
"Sander Aue";"36 - 36";"51465";"Stadtmitte"
"Sander Heide";"1 - 1";"51465";"Sand"
"Sander Heide";"2 - 2";"51465";"Sand"
"Sander Höhe";"1 - 17";"51465";"Sand"
"Sander Höhe";"2 - 16";"51465";"Sand"
"Sander Höhe";"18 - 18";"51465";"Sand"
"Sander Straße";"7 - 73";"51465";"Stadtmitte"
"Sander Straße";"16 - 40";"51465";"Stadtmitte"
"Sander Straße";"46 - 88";"51465";"Stadtmitte"
"Sander Straße";"75 - 129";"51465";"Stadtmitte"
"Sander Straße";"92 - 112";"51465";"Stadtmitte"
"Sander Straße";"130 - 130";"51465";"Stadtmitte"
"Sander Straße";"131 - 137";"51465";"Stadtmitte"
"Sander Straße";"148 - 150";"51465";"Sand"
"Sander Straße";"152 - 206";"51465";"Sand"
"Sander Straße";"210 - 228";"51465";"Sand"
"Sankt-Antonius-Straße";"1 - 13";"51429";"Herkenrath"
"Sankt-Antonius-Straße";"2 - 22";"51429";"Herkenrath"
"Sankt-Antonius-Straße";"17 - 17";"51429";"Herkenrath"
"Sankt-Josef-Straße";"1 - 15";"51469";"Heidkamp"
"Sankt-Josef-Straße";"2 - 42";"51469";"Heidkamp"
"Sankt-Josef-Straße";"17 - 19";"51469";"Heidkamp"
"Sankt-Konrad-Straße";"1 - 5";"51469";"Hand"
"Sankt-Konrad-Straße";"2 - 14";"51469";"Hand"
"Sattlerweg";"1 - 75";"51429";"Bockenberg"
"Sattlerweg";"8 - 32";"51429";"Bockenberg"
"Sauerbruchstraße";"1 - 13";"51465";"Stadtmitte"
"Sauerbruchstraße";"2 - 28";"51465";"Stadtmitte"
"Scharrenbroichweg";"1 - 15";"51427";"Alt-Refrath"
"Scharrenbroichweg";"4 - 10";"51427";"Alt-Refrath"
"Scharrenbroichweg";"12 - 24";"51427";"Alt-Refrath"
"Scharrenbroichweg";"17 - 37";"51427";"Alt-Refrath"
"Scharrenbroichweg";"30 - 36";"51427";"Alt-Refrath"
"Schau ins Land";"1 - 25";"51429";"Bensberg"
"Schau ins Land";"8 - 26";"51429";"Bensberg"
"Scheidtbachstraße";"1 - 5";"51469";"Heidkamp"
"Scheidtbachstraße";"2 - 36";"51469";"Heidkamp"
"Scheidtbachstraße";"9 - 23";"51469";"Heidkamp"
"Scherpenbach";"1 - 9";"51465";"Sand"
"Scheurenhöfchen";"1 - 1";"51429";"Bärbroich"
"Schiff";"1 - 5";"51465";"Herrenstrunden"
"Schifferberg";"1 - 41";"51465";"Herrenstrunden"
"Schifferberg";"2 - 34";"51465";"Herrenstrunden"
"Schilfweg";"1 - 45";"51469";"Paffrath"
"Schilfweg";"2 - 74";"51469";"Paffrath"
"Schillerstraße";"1 - 7";"51429";"Herkenrath"
"Schillerstraße";"2 - 32";"51429";"Herkenrath"
"Schillerstraße";"9 - 25";"51429";"Herkenrath"
"Schimmelsberg";"22 - 22";"51465";"Herrenstrunden"
"Schlagbaumweg";"3 - 7";"51467";"Katterbach"
"Schlagbaumweg";"6 - 20";"51467";"Katterbach"
"Schlagbaumweg";"11 - 21";"51467";"Katterbach"
"Schlagbaumweg";"22 - 48";"51467";"Schildgen"
"Schlagbaumweg";"23 - 39";"51467";"Schildgen"
"Schlebuscher Straße";"1 - 17";"51467";"Schildgen"
"Schlehecken";"1 - 7";"51429";"Bensberg"
"Schlehecken";"2 - 10";"51429";"Bensberg"
"Schlehecken";"9 - 33";"51429";"Bensberg"
"Schlehecken";"16 - 20";"51429";"Bensberg"
"Schlodderdicher Weg";"1 - 39";"51469";"Gronau"
"Schlodderdicher Weg";"10 - 46";"51469";"Gronau"
"Schlodderdicher Weg";"48 - 80";"51469";"Gronau"
"Schlodderdicher Weg";"59 - 65";"51469";"Gronau"
"Schlodderdicher Weg";"73 - 97";"51469";"Gronau"
"Schlodderdicher Weg";"84 - 100";"51469";"Gronau"
"Schloßfeldweg";"1 - 17";"51429";"Bensberg"
"Schloßfeldweg";"2 - 12";"51429";"Bensberg"
"Schloßfeldweg";"31 - 31";"51429";"Kaule"
"Schloßfeldweg";"34 - 38";"51429";"Kaule"
"Schloßfeldweg";"42 - 42";"51429";"Kaule"
"Schloßfeldweg";"47 - 83";"51429";"Kaule"
"Schloßfeldweg";"48 - 62";"51429";"Kaule"
"Schloßstraße";"1 - 15";"51429";"Bensberg"
"Schloßstraße";"2 - 78";"51429";"Bensberg"
"Schloßstraße";"21 - 21";"51429";"Bensberg"
"Schloßstraße";"23 - 85";"51429";"Bensberg"
"Schloßstraße";"80 - 86";"51429";"Bensberg"
"Schloßstraße";"87 - 87";"51429";"Bensberg"
"Schluchterheide";"2 - 38";"51469";"Gronau"
"Schluchterheide";"3 - 11";"51469";"Gronau"
"Schluchterheide";"13 - 25";"51469";"Gronau"
"Schmalzgrube";"1 - 8";"51465";"Sand"
"Schmidt-Blegge-Straße";"1 - 23";"51469";"Hand"
"Schmidt-Blegge-Straße";"2 - 2";"51469";"Hand"
"Schmidt-Blegge-Straße";"4 - 8";"51469";"Hand"
"Schmidt-Blegge-Straße";"10 - 16";"51469";"Paffrath"
"Schmidt-Blegge-Straße";"18 - 44";"51469";"Paffrath"
"Schmidt-Blegge-Straße";"25 - 25";"51469";"Paffrath"
"Schmidt-Blegge-Straße";"27 - 29";"51469";"Paffrath"
"Schmidt-Blegge-Straße";"31 - 41";"51469";"Paffrath"
"Schmidt-Blegge-Straße";"43 - 43";"51469";"Paffrath"
"Schmidt-Blegge-Straße";"46 - 50";"51469";"Paffrath"
"Schmillenburg";"1 - 25";"51467";"Katterbach"
"Schmillenburg";"2 - 22";"51467";"Katterbach"
"Schmillengäßchen";"1 - 5";"51427";"Kippekausen"
"Schmitzheide";"2 - 5";"51465";"Sand"
"Schnabelsmühle";"999 - 999";"51465";"Stadtmitte"
"Schneewittchenweg";"1 - 5";"51469";"Heidkamp"
"Schneewittchenweg";"6 - 11";"51469";"Heidkamp"
"Schneppruthe";"2 - 98";"51469";"Hand"
"Schneppruthe";"3 - 9";"51469";"Hand"
"Schneppruthe";"51 - 67";"51469";"Hand"
"Schneppruthe";"71 - 85";"51469";"Hand"
"Schreibersheide";"1 - 21";"51469";"Heidkamp"
"Schreibersheide";"2 - 34";"51469";"Heidkamp"
"Schreibersheide";"31 - 41";"51469";"Heidkamp"
"Schreibersheide";"36 - 36";"51469";"Heidkamp"
"Schreibersheide";"38 - 44";"51469";"Heidkamp"
"Schreibersheide";"45 - 53";"51469";"Heidkamp"
"Schreibersheide";"46 - 46";"51469";"Heidkamp"
"Schubertstraße";"1 - 11";"51427";"Frankenforst"
"Schubertstraße";"2 - 30";"51427";"Frankenforst"
"Schubertstraße";"15 - 41";"51427";"Frankenforst"
"Schüllenbusch";"1 - 13";"51467";"Schildgen"
"Schüllenbusch";"2 - 8";"51467";"Schildgen"
"Schulstraße";"1 - 29";"51465";"Sand"
"Schulstraße";"4 - 4";"51465";"Sand"
"Schulstraße";"12 - 40";"51465";"Sand"
"Schulstraße";"39 - 61";"51465";"Sand"
"Schulstraße";"54 - 94";"51465";"Sand"
"Schulstraße";"69 - 87";"51465";"Sand"
"Schützenstraße";"2 - 68";"51465";"Stadtmitte"
"Schützenstraße";"5 - 39";"51465";"Stadtmitte"
"Schützenstraße";"59 - 75";"51465";"Stadtmitte"
"Schützheide";"3 - 41";"51465";"Sand"
"Schützheide";"6 - 18";"51465";"Sand"
"Schützheide";"20 - 32";"51465";"Sand"
"Schützheide";"34 - 38";"51465";"Sand"
"Schützheider Weg";"1 - 19";"51465";"Stadtmitte"
"Schützheider Weg";"2 - 26";"51465";"Stadtmitte"
"Schützheider Weg";"23 - 51";"51465";"Stadtmitte"
"Schützheider Weg";"32 - 38";"51465";"Stadtmitte"
"Schwalbenweg";"1 - 1";"51467";"Schildgen"
"Schwalbenweg";"10 - 16";"51467";"Schildgen"
"Schwerfelstraße";"1 - 3";"51427";"Refrath"
"Schwerfelstraße";"5 - 5";"51427";"Refrath"
"Schwerfelstraße";"7 - 25";"51427";"Refrath"
"Schwerfelstraße";"8 - 8";"51427";"Refrath"
"Schwerfelstraße";"10 - 46";"51427";"Refrath"
"Schwester-Consolata-Platz";"998 - 998";"51427";"Lustheide"
"Schwester-Matthia-Weg";"998 - 998";"51429";"Bensberg"
"Seelsheide";"2 - 32";"51467";"Katterbach"
"Seelsheide";"3 - 17";"51467";"Katterbach"
"Seelsheide";"19 - 25";"51467";"Katterbach"
"Seelsheider Wiese";"1 - 23";"51467";"Katterbach"
"Seelsheider Wiese";"4 - 16";"51467";"Katterbach"
"Senefelderstraße";"2 - 4";"51469";"Heidkamp"
"Senefelderstraße";"7 - 7";"51469";"Heidkamp"
"Senefelderstraße";"10 - 16";"51469";"Heidkamp"
"Senefelderstraße";"11 - 15";"51469";"Heidkamp"
"Senefelderstraße";"22 - 28";"51469";"Heidkamp"
"Senefelderstraße";"23 - 23";"51469";"Heidkamp"
"Senefelderstraße";"25 - 25";"51469";"Heidkamp"
"Senefelderstraße";"42 - 44";"51469";"Heidkamp"
"Severinsplatz";"998 - 998";"51465";"Sand"
"Siebenmorgen";"4 - 20";"51427";"Refrath"
"Siebenmorgen";"7 - 25";"51427";"Refrath"
"Siebenmorgen";"22 - 38";"51427";"Refrath"
"Siebenmorgen";"35 - 47";"51427";"Refrath"
"Siebenmorgen";"40 - 44";"51427";"Refrath"
"Siedlerstraße";"1 - 13";"51427";"Kippekausen"
"Siedlerstraße";"2 - 10";"51427";"Kippekausen"
"Siefen";"1 - 17";"51467";"Romaney"
"Siefen";"2 - 20";"51467";"Romaney"
"Siefen";"21 - 23";"51467";"Romaney"
"Siefen";"24 - 24";"51467";"Romaney"
"Siefen";"27 - 33";"51467";"Romaney"
"Siefen";"28 - 28";"51467";"Romaney"
"Siefer Hof";"2 - 16";"51429";"Asselborn"
"Siefer Hof";"7 - 13";"51429";"Asselborn"
"Siegenstraße";"4 - 12";"51427";"Refrath"
"Siegenstraße";"14 - 27";"51427";"Refrath"
"Siegenstraße";"28 - 45";"51427";"Refrath"
"Siegenstraße";"47 - 47";"51427";"Refrath"
"Sieglindenweg";"2 - 4";"51469";"Gronau"
"Sieglindenweg";"8 - 16";"51469";"Gronau"
"Sieglindenweg";"17 - 21";"51469";"Gronau"
"Sieglindenweg";"18 - 20";"51469";"Gronau"
"Sieglindenweg";"22 - 22";"51469";"Heidkamp"
"Sieglindenweg";"25 - 25";"51469";"Heidkamp"
"Sigbertstraße";"Hausnummer 1 geprüft";"51427";"Google Maps: Bergisch Gladbach-Bensberg"
"Silberkaule";"1 - 5";"51429";"Asselborn"
"Silberkaule";"2 - 4";"51429";"Asselborn"
"Silberkauler Weg";"1 - 5";"51429";"Asselborn"
"Silberkauler Weg";"2 - 6";"51429";"Asselborn"
"Silberkauler Weg";"14 - 28";"51429";"Asselborn"
"Silberkauler Weg";"15 - 27";"51429";"Asselborn"
"Simonswiese";"1 - 17";"51427";"Alt-Refrath"
"Simonswiese";"2 - 8";"51427";"Alt-Refrath"
"Simonswiese";"18 - 32";"51427";"Alt-Refrath"
"Simonswiese";"19 - 35";"51427";"Alt-Refrath"
"Sonnenweg";"1 - 43";"51465";"Stadtmitte"
"Sonnenweg";"2 - 52";"51465";"Stadtmitte"
"Sonnenwinkel";"1 - 15";"51429";"Bensberg"
"Sonnenwinkel";"4 - 6";"51429";"Bensberg"
"Sperberweg";"1 - 21";"51427";"Refrath"
"Sperberweg";"2 - 18";"51427";"Refrath"
"St.-Apollonia-Weg";"5 - 11";"51465";"Sand"
"St.-Apollonia-Weg";"6 - 12";"51465";"Sand"
"St.-Rochus-Weg";"1 - 1";"51465";"Sand"
"St.-Severin-Weg";"1 - 11";"51465";"Sand"
"St.-Severin-Weg";"6 - 10";"51465";"Sand"
"Stachelsgut";"1 - 43";"51427";"Alt-Refrath"
"Stachelsgut";"2 - 20";"51427";"Alt-Refrath"
"Stachelsgut";"28 - 40";"51427";"Alt-Refrath"
"Stahlhuthstraße";"1 - 9";"51429";"Bensberg"
"Stahlhuthstraße";"2 - 6";"51429";"Bensberg"
"Starenweg";"1 - 31";"51467";"Schildgen"
"Starenweg";"2 - 36";"51467";"Schildgen"
"Stationsstraße";"3 - 9";"51465";"Stadtmitte"
"Stationsstraße";"71 - 73";"51465";"Stadtmitte"
"Stauffenbergstraße";"3 - 11";"51427";"Kippekausen"
"Stauffenbergstraße";"4 - 12";"51427";"Kippekausen"
"Stegerwaldstraße";"1 - 5";"51427";"Frankenforst"
"Stegerwaldstraße";"4 - 16";"51427";"Frankenforst"
"Steinacker";"10 - 10";"51429";"Moitzfeld"
"Steinacker";"13 - 19";"51429";"Moitzfeld"
"Steinacker";"26 - 26";"51429";"Moitzfeld"
"Steinacker";"34 - 56";"51429";"Moitzfeld"
"Steinacker";"35 - 61";"51429";"Moitzfeld"
"Steinacker";"58 - 76";"51429";"Moitzfeld"
"Steinbacher Weg";"1 - 9";"51429";"Asselborn"
"Steinbacher Weg";"2 - 6";"51429";"Asselborn"
"Steinbacher Weg";"8 - 8";"51429";"Asselborn"
"Steinbreche";"1 - 3";"51427";"Refrath"
"Steinbreche";"12 - 30";"51427";"Refrath"
"Steinbrecher Weg";"2 - 2";"51427";"Refrath"
"Steinbrecher Weg";"3 - 3";"51427";"Refrath"
"Steinbrecher Weg";"4 - 26";"51427";"Refrath"
"Steinbrecher Weg";"9 - 27";"51427";"Refrath"
"Steinbrecher Weg";"28 - 42";"51427";"Refrath"
"Steinbrecher Weg";"31 - 37";"51427";"Refrath"
"Steinbrecher Weg";"43 - 53";"51427";"Refrath"
"Steinbrecher Weg";"44 - 54";"51427";"Refrath"
"Steinenberg";"1 - 13";"51429";"Lückerath"
"Steinenberg";"2 - 16";"51429";"Lückerath"
"Steinenkamp";"1 - 51";"51469";"Paffrath"
"Steinenkamp";"2 - 76";"51469";"Paffrath"
"Steingartenweg";"1 - 7";"51465";"Stadtmitte"
"Steingartenweg";"2 - 6";"51465";"Stadtmitte"
"Steinhaus";"1 - 1";"51429";"Bockenberg"
"Steinknippen";"1 - 19";"51469";"Paffrath"
"Steinknippen";"2 - 28";"51469";"Paffrath"
"Steinmetzstraße";"6 - 32";"51427";"Refrath"
"Steinmetzstraße";"15 - 25";"51427";"Refrath"
"Steinstraße";"1 - 3";"51429";"Bensberg"
"Steinstraße";"2 - 10";"51429";"Bensberg"
"Steinstraße";"19 - 19";"51429";"Bensberg"
"Steinstraße";"30 - 30";"51429";"Bensberg"
"Steinstraße";"45 - 45";"51429";"Bensberg"
"Steinstraße";"59 - 69";"51429";"Bensberg"
"Sterntalerweg";"13 - 29";"51469";"Heidkamp"
"Sterntalerweg";"16 - 28";"51469";"Heidkamp"
"Sterntalerweg";"30 - 52";"51469";"Heidkamp"
"Sterntalerweg";"37 - 49";"51469";"Heidkamp"
"Stettiner Straße";"1 - 5";"51469";"Hand"
"Stettiner Straße";"2 - 4";"51469";"Hand"
"Steufelsberg";"1 - 12";"51465";"Stadtmitte"
"Stockberg";"2 - 2";"51429";"Bärbroich"
"Sträßchen Siefen";"2 - 4";"51467";"Katterbach"
"Sträßchen Siefen";"3 - 49";"51467";"Katterbach"
"Sträßchen Siefen";"6 - 16";"51467";"Katterbach"
"Sträßchen Siefen";"18 - 52";"51467";"Katterbach"
"Straßen";"2 - 28";"51429";"Herkenrath"
"Straßen";"3 - 21";"51429";"Herkenrath"
"Straßen";"29 - 33";"51429";"Herkenrath"
"Straßen";"34 - 76";"51429";"Herkenrath"
"Straßen";"41 - 45";"51429";"Herkenrath"
"Straßen";"47 - 71";"51429";"Herkenrath"
"Straßen";"81 - 107";"51429";"Herkenrath"
"Straßen";"82 - 94";"51429";"Herkenrath"
"Straßen";"96 - 108";"51429";"Herkenrath"
"Straßen";"111 - 119";"51429";"Herkenrath"
"Strunder Delle";"3 - 3";"51465";"Herrenstrunden"
"Strunder Delle";"6 - 36";"51465";"Herrenstrunden"
"Strunder Delle";"7 - 15";"51465";"Herrenstrunden"
"Strunder Weg";"999 - 999";"51427";"Refrath"
"Sudermannstraße";"5 - 19";"51427";"Refrath"
"Sudermannstraße";"19 - 31";"51427";"Refrath"
"Sudermannstraße";"26 - 26";"51427";"Refrath"
"Sudermannstraße";"28 - 30";"51427";"Refrath"
"Talblick";"1 - 21";"51429";"Herkenrath"
"Talweg";"1 - 1";"51469";"Heidkamp"
"Talweg";"2 - 18";"51469";"Heidkamp"
"Talweg";"3 - 17";"51469";"Heidkamp"
"Talweg";"19 - 65";"51469";"Heidkamp"
"Talweg";"20 - 28";"51469";"Heidkamp"
"Talweg";"30 - 32";"51469";"Heidkamp"
"Talweg";"34 - 56";"51469";"Heidkamp"
"Tannenbergstraße";"5 - 33";"51465";"Stadtmitte"
"Tannenbergstraße";"32 - 32";"51465";"Stadtmitte"
"Tannenbergstraße";"36 - 36";"51465";"Stadtmitte"
"Tannenbergstraße";"53 - 55";"51465";"Gronau"
"Tannenweg";"1 - 1";"51467";"Schildgen"
"Taubenstraße";"1 - 3";"51427";"Frankenforst"
"Taubenstraße";"2 - 4";"51427";"Frankenforst"
"Taubenstraße";"11 - 13";"51427";"Frankenforst"
"Taubenstraße";"15 - 25";"51427";"Frankenforst"
"Taubenstraße";"18 - 36";"51427";"Frankenforst"
"Taubenstraße";"44 - 54";"51427";"Frankenforst"
"Theodor-Fliedner-Straße";"1 - 1";"51469";"Hand"
"Theodor-Fliedner-Straße";"2 - 12";"51469";"Hand"
"Theodor-Fliedner-Straße";"7 - 63";"51469";"Hand"
"Theodor-Storm-Straße";"1 - 5";"51429";"Kaule"
"Theodor-Storm-Straße";"2 - 12";"51429";"Kaule"
"Theodorstraße";"5 - 25";"51467";"Hebborn"
"Theodorstraße";"10 - 22";"51467";"Hebborn"
"Thielenbrucher Hof";"1 - 5";"51469";"Gronau"
"Thielenbrucher Hof";"2 - 4";"51469";"Gronau"
"Thielenbrucher Straße";"Thielenbrucher Hof 1 - 5";"51469";"Gronau"
"Thielenbrucher Straße";"Thielenbrucher Hof 2 - 4";"51469";"Gronau"
"Thomas-Mann-Straße";"1 - 7";"51429";"Herkenrath"
"Thomas-Mann-Straße";"2 - 4";"51429";"Herkenrath"
"Thomas-Mann-Straße";"6 - 24";"51429";"Herkenrath"
"Thomas-Mann-Straße";"9 - 27";"51429";"Herkenrath"
"Thorner Straße";"2 - 26";"51469";"Hand"
"Thorner Straße";"5 - 23";"51469";"Hand"
"Thorner Straße";"35 - 35";"51469";"Hand"
"Thüringer Straße";"1 - 19";"51469";"Hand"
"Thüringer Straße";"2 - 20";"51469";"Hand"
"Töpferweg";"2 - 34";"51469";"Paffrath"
"Töpferweg";"3 - 37";"51469";"Paffrath"
"Töpferweg";"36 - 38";"51469";"Paffrath"
"Torringen";"3 - 13";"51467";"Katterbach"
"Trotzenburg";"1 - 1";"51465";"Herrenstrunden"
"Trotzenburg";"2 - 3";"51465";"Herrenstrunden"
"Trotzenburger Weg";"1 - 3";"51465";"Herrenstrunden"
"Trotzenburger Weg";"6 - 8";"51465";"Herrenstrunden"
"Tulpenstraße";"1 - 3";"51427";"Frankenforst"
"Tulpenstraße";"4 - 6";"51427";"Frankenforst"
"Tulpenstraße";"5 - 7";"51427";"Frankenforst"
"Tulpenstraße";"9 - 25";"51427";"Frankenforst"
"Tulpenstraße";"12 - 12";"51427";"Frankenforst"
"Tulpenstraße";"14 - 20";"51427";"Frankenforst"
"Tütberg";"2 - 2";"51429";"Bockenberg"
"Überm Rost";"2 - 16";"51465";"Stadtmitte"
"Überm Rost";"13 - 17";"51465";"Stadtmitte"
"Uhlandstraße";"1 - 7";"51429";"Herkenrath"
"Uhlandstraße";"2 - 4";"51429";"Herkenrath"
"Uhlweg";"1 - 7";"51429";"Kaule"
"Uhlweg";"2 - 14";"51429";"Kaule"
"Uhlweg";"7 - 7";"51429";"Kaule"
"Uhlweg";"9 - 11";"51429";"Kaule"
"Uhlweg";"16 - 20";"51429";"Kaule"
"Ulmenallee";"1 - 9";"51427";"Frankenforst"
"Ulmenallee";"2 - 10";"51427";"Frankenforst"
"Unter den Buchen";"1 - 3";"51469";"Heidkamp"
"Unter den Buchen";"4 - 8";"51469";"Heidkamp"
"Unter den Ulmen";"1 - 21";"51469";"Heidkamp"
"Unter den Ulmen";"2 - 12";"51469";"Heidkamp"
"Unterasselborn";"2 - 10";"51429";"Asselborn"
"Unterasselborn";"3 - 3";"51429";"Asselborn"
"Unterboschbach";"6 - 36";"51467";"Hebborn"
"Unterboschbach";"9 - 67";"51467";"Hebborn"
"Unterdreispringen";"2 - 20";"51429";"Bärbroich"
"Unterhebborn";"1 - 19";"51467";"Hebborn"
"Unterhebborn";"2 - 28";"51467";"Hebborn"
"Unterheider Weg";"1 - 43";"51429";"Asselborn"
"Unterheider Weg";"2 - 38";"51429";"Asselborn"
"Unterholz";"1 - 7";"51467";"Romaney"
"Unterholz";"8 - 12";"51467";"Romaney"
"Unterhombach";"1 - 5";"51429";"Herrenstrunden"
"Unterhombach";"4 - 6";"51429";"Herrenstrunden"
"Unterkülheim";"1 - 4";"51429";"Bärbroich"
"Unterscheider Weg";"1 - 11";"51467";"Schildgen"
"Unterscheider Weg";"4 - 42";"51467";"Schildgen"
"Unterscheider Weg";"19 - 61";"51467";"Schildgen"
"Unterscheider Weg";"44 - 64";"51467";"Schildgen"
"Unterscheider Weg";"66 - 68";"51467";"Schildgen"
"Untersteinbach";"1 - 21";"51429";"Asselborn"
"Untersteinbach";"2 - 10";"51429";"Asselborn"
"Untersteinbach";"14 - 28";"51429";"Asselborn"
"Unterthal";"1 - 3";"51465";"Herrenstrunden"
"Unterthal";"4 - 4";"51465";"Herrenstrunden"
"Unterthal";"5 - 10";"51465";"Herrenstrunden"
"Untervolbach";"2 - 72";"51429";"Herkenrath"
"Untervolbach";"51 - 75";"51429";"Herkenrath"
"Urbanstraße";"7 - 29";"51469";"Gronau"
"Urbanstraße";"12 - 32";"51469";"Gronau"
"Veilchenweg";"1 - 7";"51427";"Refrath"
"Veilchenweg";"2 - 4";"51427";"Refrath"
"Velsenstraße";"1 - 5";"51469";"Gronau"
"Velsenstraße";"2 - 6";"51469";"Gronau"
"Velsenstraße";"8 - 16";"51469";"Gronau"
"Vinzenz-Feckter-Straße";"1 - 5";"51469";"Hand"
"Vinzenz-Feckter-Straße";"2 - 38";"51469";"Hand"
"Vinzenz-Feckter-Straße";"7 - 17";"51469";"Hand"
"Vinzenz-Pallotti-Straße";"3 - 25";"51429";"Bockenberg"
"Vinzenz-Pallotti-Straße";"14 - 18";"51429";"Bockenberg"
"Vinzenz-Pallotti-Straße";"20 - 26";"51429";"Bockenberg"
"Vinzenz-Pallotti-Straße";"39 - 39";"51429";"Bensberg"
"Virchowstraße";"1 - 9";"51427";"Refrath"
"Virchowstraße";"2 - 20";"51427";"Refrath"
"Voiskülheim";"2 - 4";"51429";"Bärbroich"
"Voiskülheim";"3 - 9";"51429";"Bärbroich"
"Voislöhe";"3 - 18";"51429";"Herkenrath"
"Voiswinkeler Straße";"1 - 25";"51467";"Schildgen"
"Voiswinkeler Straße";"2 - 20";"51467";"Schildgen"
"Voiswinkeler Straße";"22 - 40";"51467";"Schildgen"
"Voiswinkeler Straße";"27 - 55";"51467";"Schildgen"
"Voiswinkeler Straße";"42 - 80";"51467";"Schildgen"
"Voiswinkeler Straße";"57 - 59";"51467";"Schildgen"
"Voiswinkeler Straße";"61 - 75";"51467";"Schildgen"
"Voiswinkeler Straße";"213 - 233";"51467";"Schildgen"
"Volbach";"1 - 3";"51429";"Herkenrath"
"Volbach";"19 - 19";"51429";"Herkenrath"
"Volbach";"21 - 57";"51429";"Herkenrath"
"Volbach";"28 - 50";"51429";"Herkenrath"
"Volbacher Berg";"1 - 15";"51429";"Herkenrath"
"Volbacher Berg";"2 - 10";"51429";"Herkenrath"
"Volbacher Mühle";"1 - 1";"51429";"Herkenrath"
"Vollmühlenweg";"3 - 5";"51465";"Stadtmitte"
"Vollmühlenweg";"14 - 22";"51465";"Stadtmitte"
"Von-Andreae-Straße";"1 - 23";"51427";"Lustheide"
"Von-Andreae-Straße";"2 - 20";"51427";"Lustheide"
"Von-Andreae-Straße";"25 - 31";"51427";"Lustheide"
"Von-Bodelschwingh-Straße";"1 - 19";"51469";"Paffrath"
"Von-Bodelschwingh-Straße";"2 - 36";"51469";"Paffrath"
"Von-Bodelschwingh-Straße";"23 - 33";"51469";"Paffrath"
"Von-Bodelschwingh-Straße";"38 - 48";"51469";"Paffrath"
"Von-Ketteler-Straße";"1 - 17";"51469";"Paffrath"
"Von-Ketteler-Straße";"2 - 56";"51469";"Paffrath"
"Von-Steinen-Straße";"1 - 9";"51429";"Herkenrath"
"Von-Steinen-Straße";"2 - 14";"51429";"Herkenrath"
"Von-Zweiffel-Straße";"20 - 26";"51429";"Moitzfeld"
"Von-Zweiffel-Straße";"37 - 39";"51429";"Moitzfeld"
"Von-Zweiffel-Straße";"43 - 43";"51429";"Moitzfeld"
"Vürfels";"1 - 21";"51427";"Refrath"
"Vürfels";"6 - 10";"51427";"Refrath"
"Vürfels";"12 - 20";"51427";"Refrath"
"Vürfels";"23 - 53";"51427";"Refrath"
"Vürfels";"30 - 46";"51427";"Refrath"
"Vürfels";"52 - 54";"51427";"Refrath"
"Vürfels";"57 - 81";"51427";"Refrath"
"Vürfels";"58 - 78";"51427";"Refrath"
"Vürfels";"87 - 103";"51427";"Refrath"
"Vürfels";"100 - 102";"51427";"Refrath"
"Vürfelser Kaule";"1 - 3";"51427";"Lustheide"
"Vürfelser Kaule";"2 - 24";"51427";"Lustheide"
"Vürfelser Kaule";"5 - 11";"51427";"Lustheide"
"Vürfelser Kaule";"17 - 19";"51427";"Lustheide"
"Vürfelser Kaule";"21 - 39";"51427";"Refrath"
"Vürfelser Kaule";"26 - 36";"51427";"Refrath"
"Vürfelser Kaule";"38 - 38";"51427";"Refrath"
"Vürfelser Kaule";"44 - 50";"51427";"Refrath"
"Vürfelser Kaule";"51 - 53";"51427";"Refrath"
"Wachendorffstraße";"2 - 3";"51429";"Lückerath"
"Wagnerstraße";"7 - 87";"51467";"Schildgen"
"Wagnerstraße";"12 - 22";"51467";"Schildgen"
"Wagnerstraße";"24 - 26";"51467";"Schildgen"
"Wagnerstraße";"28 - 30";"51467";"Schildgen"
"Wagnerstraße";"32 - 46";"51467";"Schildgen"
"Wagnerstraße";"48 - 56";"51467";"Schildgen"
"Waidmannstraße";"1 - 29";"51427";"Kippekausen"
"Waidmannstraße";"2 - 2";"51427";"Kippekausen"
"Waldgürtel";"1 - 13";"51427";"Frankenforst"
"Waldgürtel";"2 - 10";"51427";"Frankenforst"
"Waldgürtel";"12 - 20";"51427";"Frankenforst"
"Waldsiedlung Heidgen";"5 - 11";"51467";"Katterbach"
"Waldstraße";"1 - 27";"51467";"Schildgen"
"Waldstraße";"2 - 4";"51467";"Schildgen"
"Waldstraße";"6 - 22";"51467";"Schildgen"
"Waldstraße";"26 - 30";"51467";"Schildgen"
"Waldstraße";"32 - 36";"51467";"Schildgen"
"Waldstraße";"33 - 35";"51467";"Schildgen"
"Warder Hof";"3 - 23";"51469";"Heidkamp"
"Warder Hof";"8 - 20";"51469";"Heidkamp"
"Weidenbuscher Weg";"1 - 19";"51467";"Katterbach"
"Weidenbuscher Weg";"2 - 10";"51467";"Katterbach"
"Weidenbuscher Weg";"12 - 22";"51467";"Katterbach"
"Weidenbuscher Weg";"21 - 21";"51467";"Katterbach"
"Weidenbuscher Weg";"23 - 45";"51467";"Katterbach"
"Weidenbuscher Weg";"24 - 52";"51467";"Katterbach"
"Weidenweg";"1 - 15";"51427";"Refrath"
"Weidenweg";"2 - 10";"51427";"Refrath"
"Weißdornbusch";"1 - 17";"51467";"Katterbach"
"Weißdornbusch";"2 - 6";"51467";"Katterbach"
"Weizenfeld";"1 - 81";"51467";"Hebborn"
"Weizenfeld";"2 - 26";"51467";"Hebborn"
"Weizenfeld";"34 - 50";"51467";"Hebborn"
"Weizenfeld";"52 - 76";"51467";"Hebborn"
"Welscher Busch";"1 - 11";"51429";"Kaule"
"Welscher Busch";"2 - 10";"51429";"Kaule"
"Welscher Forst";"1 - 7";"51429";"Kaule"
"Welscher Heide";"2 - 14";"51429";"Kaule"
"Welscher Heide";"3 - 5";"51429";"Kaule"
"Welscher Heide";"7 - 15";"51429";"Kaule"
"Welscher Heide";"17 - 21";"51429";"Kaule"
"Welscher Heide";"18 - 38";"51429";"Kaule"
"Welscher Heide";"23 - 37";"51429";"Kaule"
"Welscher Heide";"40 - 50";"51429";"Kaule"
"Welscher Wiese";"2 - 7";"51429";"Kaule"
"Werheide";"3 - 15";"51427";"Alt-Refrath"
"Werheide";"4 - 12";"51427";"Alt-Refrath"
"Wesselsteinbach";"1 - 2";"51429";"Herkenrath"
"Weyerhardt";"1 - 17";"51429";"Bensberg"
"Weyerhardt";"4 - 32";"51429";"Bensberg"
"Weyerhof";"1 - 7";"51429";"Bensberg"
"Wichernstraße";"1 - 11";"51469";"Paffrath"
"Wichernstraße";"2 - 22";"51469";"Paffrath"
"Wichtelpfad";"1 - 6";"51469";"Heidkamp"
"Wichtelpfad";"7 - 12";"51469";"Heidkamp"
"Wickenpfädchen";"1 - 7";"51427";"Refrath"
"Wickenpfädchen";"8 - 14";"51427";"Refrath"
"Wickenpfädchen";"17 - 21";"51427";"Lustheide"
"Wickenpfädchen";"23 - 29";"51427";"Lustheide"
"Wickenpfädchen";"24 - 86";"51427";"Lustheide"
"Wickenpfädchen";"31 - 39";"51427";"Lustheide"
"Wieselplatz";"1 - 3";"51427";"Refrath"
"Wieselplatz";"2 - 4";"51427";"Refrath"
"Wiesenstraße";"1 - 13";"51469";"Heidkamp"
"Wiesenstraße";"2 - 20";"51469";"Heidkamp"
"Wiesenstraße";"15 - 19";"51469";"Heidkamp"
"Wiesenthal";"1 - 3";"51465";"Herrenstrunden"
"Wiesenwinkel";"1 - 9";"51429";"Kaule"
"Wiesenwinkel";"4 - 14";"51429";"Kaule"
"Wildpfad";"1 - 9";"51427";"Frankenforst"
"Wildpfad";"2 - 8";"51427";"Frankenforst"
"Wildphal";"1 - 21";"51429";"Bärbroich"
"Wildphal";"2 - 24";"51429";"Bärbroich"
"Wilhelm-Klein-Straße";"1 - 27";"51427";"Refrath"
"Wilhelm-Klein-Straße";"4 - 20";"51427";"Refrath"
"Wilhelm-Ostwald-Straße";"1 - 5";"51427";"Refrath"
"Wilhelm-Ostwald-Straße";"2 - 4";"51427";"Refrath"
"Wilhelm-Wagener-Platz";"1 - 1";"51429";"Bensberg"
"Wilhelm-Wagener-Platz";"10 - 10";"51429";"Bensberg"
"Wilhelmshöhe";"3 - 11";"51465";"Sand"
"Wilhelmshöhe";"4 - 6";"51465";"Sand"
"Wilhelmshöhe";"19 - 19";"51465";"Sand"
"Wilhelmshöhe";"30 - 40";"51465";"Sand"
"Willweg";"1 - 7";"51427";"Alt-Refrath"
"Willweg";"2 - 10";"51427";"Alt-Refrath"
"Willy-Brandt-Straße";"1 - 7";"51469";"Hand"
"Willy-Brandt-Straße";"13 - 19";"51469";"Hand"
"Willy-Brandt-Straße";"22 - 162";"51469";"Hand"
"Wingertsheide";"3 - 31";"51427";"Refrath"
"Wingertsheide";"12 - 14";"51427";"Refrath"
"Wingertsheide";"26 - 32";"51427";"Refrath"
"Wingertsheide";"33 - 53";"51427";"Refrath"
"Wingertsheide";"34 - 46";"51427";"Refrath"
"Wingertsheide";"48 - 62";"51427";"Frankenforst"
"Wingertsheide";"55 - 61";"51427";"Frankenforst"
"Wingertsheide";"64 - 66";"51427";"Frankenforst"
"Wingertsheide";"65 - 65";"51427";"Frankenforst"
"Wingertsheide";"67 - 69";"51427";"Frankenforst"
"Wipperfürther Straße";"2 - 6";"51429";"Bensberg"
"Wipperfürther Straße";"9 - 11";"51429";"Bensberg"
"Wipperfürther Straße";"10 - 84";"51429";"Bensberg"
"Wipperfürther Straße";"41 - 57";"51429";"Bensberg"
"Wipperfürther Straße";"59 - 69";"51429";"Bensberg"
"Wipperfürther Straße";"93 - 99";"51429";"Bensberg"
"Wipperfürther Straße";"106 - 120";"51429";"Bensberg"
"Wipperfürther Straße";"113 - 125";"51429";"Bensberg"
"Wittenbergstraße";"1 - 3";"51427";"Refrath"
"Wittenbergstraße";"2 - 10";"51427";"Refrath"
"Wohn";"1 - 1";"51429";"Bärbroich"
"Wolfsiefen";"2 - 3";"51429";"Bärbroich"
"Wolfsiefen";"5 - 7";"51429";"Bärbroich"
"Wulfshof";"1 - 1";"51429";"Moitzfeld"
"Wulfshof";"5 - 9";"51429";"Moitzfeld"
"Wüstenherscheid";"1 - 14";"51429";"Bärbroich"
"Zaunkönigweg";"1 - 5";"51467";"Hebborn"
"Zaunkönigweg";"2 - 8";"51467";"Hebborn"
"Zehntweg";"1 - 9";"51467";"Schildgen"
"Zehntweg";"2 - 10";"51467";"Schildgen"
"Zehntweg";"13 - 15";"51467";"Schildgen"
"Zehntweg";"14 - 36";"51467";"Schildgen"
"Zehntweg";"23 - 39";"51467";"Schildgen"
"Zehntweg";"38 - 44";"51467";"Schildgen"
"Zehntweg";"39 - 43";"51467";"Schildgen"
"Zehntweg";"45 - 53";"51467";"Schildgen"
"Zehntweg";"46 - 62";"51467";"Schildgen"
"Zeisigweg";"1 - 9";"51427";"Refrath"
"Zeisigweg";"2 - 14";"51427";"Refrath"
"Zeisigweg";"11 - 13";"51427";"Refrath"
"Zu den Sieben Zwergen";"1 - 5";"51469";"Heidkamp"
"Zu den Sieben Zwergen";"6 - 10";"51469";"Heidkamp"
"Zu den Wiesen";"1 - 11";"51429";"Bärbroich"
"Zu den Wiesen";"2 - 18";"51429";"Bärbroich"
"Zuckerhütchen";"1 - 3";"51429";"Bensberg"
"Zum Froschkönig";"1 - 1";"51469";"Heidkamp"
"Zum Froschkönig";"2 - 36";"51469";"Heidkamp"
"Zum Froschkönig";"33 - 35";"51469";"Heidkamp"
"Zum Kreuzbusch";"2 - 18";"51429";"Herkenrath"
"Zum Kreuzbusch";"3 - 13";"51429";"Herkenrath"
"Zum Scheider Feld";"1 - 3";"51467";"Schildgen"
"Zum Scheider Feld";"2 - 40";"51467";"Schildgen"
"Zum Scheider Feld";"11 - 57";"51467";"Schildgen"
"Zum Steinrutsch";"Hausnummer 1 geprüft";"51427";"Google Maps: Bergisch Gladbach-Bensberg"
"Zum Waschbach";"1 - 5";"51467";"Schildgen"
"Zum Waschbach";"4 - 10";"51467";"Schildgen"
"Zum Waschbach";"7 - 25";"51467";"Schildgen"
"Zum Waschbach";"12 - 22";"51467";"Schildgen"
"Zur Brücker Aue";"2 - 22";"51427";"Refrath"
"Zur Brücker Aue";"7 - 13";"51427";"Refrath"
"Zur Hardt";"1 - 5";"51429";"Bensberg"
"Zur Hardt";"6 - 10";"51429";"Bensberg"
